outer_id,speaker_id,제주방언,표준어
DZJD20000788.1.1.1,2,((인데)),((인데))
DZJD20000788.1.1.1,2,문제풀다가,문제풀다가
DZJD20000788.1.1.1,2,각각의,각각의
DZJD20000788.1.1.1,2,뜻을,뜻을
DZJD20000788.1.1.1,2,모른다고.,모른다고.
DZJD20000788.1.1.2,1,나도,나도
DZJD20000788.1.1.2,1,와이파인데?,와이파인데?
DZJD20000788.1.1.2,1,&name2&도,&name2&도
DZJD20000788.1.1.2,1,와이파이,와이파이
DZJD20000788.1.1.2,1,아니?,아니야?
DZJD20000788.1.1.3,3,응.,응.
DZJD20000788.1.1.4,1,셋,셋
DZJD20000788.1.1.4,1,다,다
DZJD20000788.1.1.4,1,와이파이.,와이파이.
DZJD20000788.1.1.4,1,((xx)),((xx))
DZJD20000788.1.1.5,3,응.,응.
DZJD20000788.1.1.5,3,응.,응.
DZJD20000788.1.1.6,3,어.,어.
DZJD20000788.1.1.7,1,응.,응.
DZJD20000788.1.1.8,2,그.,그.
DZJD20000788.1.1.9,2,그.,그.
DZJD20000788.1.1.10,2,각각에나,각각에나
DZJD20000788.1.1.11,2,어어.,어어.
DZJD20000788.1.1.11,2,어떡하면,어떡하면
DZJD20000788.1.1.11,2,좋아.,좋아.
DZJD20000788.1.1.12,2,모르는,모르는
DZJD20000788.1.1.12,2,친구가,친구가
DZJD20000788.1.1.12,2,있었다,있었다
DZJD20000788.1.1.13,2,근데,근데
DZJD20000788.1.1.13,2,이게,이게
DZJD20000788.1.1.13,2,얘가,얘가
DZJD20000788.1.1.13,2,각각을,각각을
DZJD20000788.1.1.13,2,각각만,각각만
DZJD20000788.1.1.13,2,모르는게,모르는게
DZJD20000788.1.1.13,2,아니라,아니라
DZJD20000788.1.1.13,2,그냥,그냥
DZJD20000788.1.1.13,2,주관식,주관식
DZJD20000788.1.1.13,2,자체의,자체의
DZJD20000788.1.1.13,2,문제를,문제를
DZJD20000788.1.1.13,2,이해를,이해를
DZJD20000788.1.1.13,2,못한다는,못한다는
DZJD20000788.1.1.13,2,거를,거를
DZJD20000788.1.1.13,2,알게,알게
DZJD20000788.1.1.13,2,됐어,됐어
DZJD20000788.1.1.14,1,응,응
DZJD20000788.1.1.14,1,아니,아니
DZJD20000788.1.1.14,1,못,못
DZJD20000788.1.1.14,1,하는거야,하는거야
DZJD20000788.1.1.14,1,안,안
DZJD20000788.1.1.14,1,하는거야,하는거야
DZJD20000788.1.1.15,2,못하는거야,못하는거야
DZJD20000788.1.1.15,2,문제를,문제를
DZJD20000788.1.1.15,2,읽지를,읽지를
DZJD20000788.1.1.15,2,그러니까,그러니까
DZJD20000788.1.1.15,2,어떤,어떤
DZJD20000788.1.1.15,2,문제였느냐,문제였느냐
DZJD20000788.1.1.16,2,예를,예를
DZJD20000788.1.1.16,2,들어서,들어서
DZJD20000788.1.1.16,2,우리,우리
DZJD20000788.1.1.16,2,반에,반에
DZJD20000788.1.1.16,2,서른,서른
DZJD20000788.1.1.16,2,명,명
DZJD20000788.1.1.16,2,있어,있어
DZJD20000788.1.1.17,2,한,한
DZJD20000788.1.1.17,2,명당,명당
DZJD20000788.1.1.17,2,다섯,다섯
DZJD20000788.1.1.17,2,개씩,개씩
DZJD20000788.1.1.17,2,준다,준다
DZJD20000788.1.1.17,2,총,총
DZJD20000788.1.1.17,2,몇명이,몇명이
DZJD20000788.1.1.17,2,몇,몇
DZJD20000788.1.1.17,2,개가,개가
DZJD20000788.1.1.17,2,필요한가,필요한가
DZJD20000788.1.1.17,2,라는,라는
DZJD20000788.1.1.17,2,문제를,문제를
DZJD20000788.1.1.17,2,해석을,해석을
DZJD20000788.1.1.17,2,못,못
DZJD20000788.1.1.17,2,해,해
DZJD20000788.1.1.18,2,그,그
DZJD20000788.1.1.18,2,거기서,거기서
DZJD20000788.1.1.18,2,삼십,삼십
DZJD20000788.1.1.18,2,곱하기,곱하기
DZJD20000788.1.1.18,2,오를,오를
DZJD20000788.1.1.18,2,오를,오를
DZJD20000788.1.1.18,2,해야,해야
DZJD20000788.1.1.18,2,된다라는,된다라는
DZJD20000788.1.1.18,2,걸,걸
DZJD20000788.1.1.18,2,계산,계산
DZJD20000788.1.1.18,2,자체가,자체가
DZJD20000788.1.1.18,2,안서는거,안서는거
DZJD20000788.1.1.19,2,너,너
DZJD20000788.1.1.19,2,무,무
DZJD20000788.1.1.19,2,무슨,무슨
DZJD20000788.1.1.19,2,서술형만,서술형만
DZJD20000788.1.1.19,2,지금,지금
DZJD20000788.1.1.19,2,계속,계속
DZJD20000788.1.1.19,2,막혀,막혀
DZJD20000788.1.1.20,2,주어진,주어진
DZJD20000788.1.1.20,2,조건을,조건을
DZJD20000788.1.1.20,2,써보세요,써보세요
DZJD20000788.1.1.20,2,하면,하면
DZJD20000788.1.1.20,2,조건을,조건을
DZJD20000788.1.1.20,2,못써,못써
DZJD20000788.1.1.21,1,걔는,걔는
DZJD20000788.1.1.21,1,수학이,수학이
DZJD20000788.1.1.21,1,아니고,아니고
DZJD20000788.1.1.21,1,국어,국어
DZJD20000788.1.1.21,1,공부를,공부를
DZJD20000788.1.1.21,1,해야,해야
DZJD20000788.1.1.21,1,될,될
DZJD20000788.1.1.21,1,것,것
DZJD20000788.1.1.21,1,같은데,같은데
DZJD20000788.1.1.22,2,(()),(())
DZJD20000788.1.1.22,2,거야,거야
DZJD20000788.1.1.23,2,어,어
DZJD20000788.1.1.23,2,근데,근데
DZJD20000788.1.1.23,2,그게,그게
DZJD20000788.1.1.23,2,그,그
DZJD20000788.1.1.23,2,애가,애가
DZJD20000788.1.1.23,2,원래,원래
DZJD20000788.1.1.23,2,원장반에,원장반에
DZJD20000788.1.1.23,2,있다가,있다가
DZJD20000788.1.1.23,2,넘어온,넘어온
DZJD20000788.1.1.23,2,애거든,애거든
DZJD20000788.1.1.24,1,음,음
DZJD20000788.1.1.25,2,그래서,그래서
DZJD20000788.1.1.26,2,아,아
DZJD20000788.1.1.26,2,이거,이거
DZJD20000788.1.1.26,2,근데,근데
DZJD20000788.1.1.26,2,약간,약간
DZJD20000788.1.1.26,2,어,어
DZJD20000788.1.1.26,2,일,일
DZJD20000788.1.1.26,2,이,이
DZJD20000788.1.1.26,2,학년이며,학년이며
DZJD20000788.1.1.26,2,그렇다는데,그렇다는데
DZJD20000788.1.1.26,2,삼,삼
DZJD20000788.1.1.26,2,학년인데,학년인데
DZJD20000788.1.1.27,2,삼학년인데,삼학년인데
DZJD20000788.1.1.27,2,이거,이거
DZJD20000788.1.1.27,2,뭐,뭐
DZJD20000788.1.1.28,2,곤란한거라,곤란한거라
DZJD20000788.1.1.29,2,왜냐하면,왜냐하면
DZJD20000788.1.1.30,2,근데,근데
DZJD20000788.1.1.30,2,너,너
DZJD20000788.1.1.31,2,책,책
DZJD20000788.1.1.31,2,좀,좀
DZJD20000788.1.1.31,2,많이,많이
DZJD20000788.1.1.31,2,읽니,읽니
DZJD20000788.1.1.32,2,책,책
DZJD20000788.1.1.32,2,안,안
DZJD20000788.1.1.32,2,읽니,읽니
DZJD20000788.1.1.33,2,아참,아참
DZJD20000788.1.1.34,2,아니,아니
DZJD20000788.1.1.34,2,뭐,뭐
DZJD20000788.1.1.34,2,안,안
DZJD20000788.1.1.34,2,읽겠지,읽겠지
DZJD20000788.1.1.34,2,그래서,그래서
DZJD20000788.1.1.34,2,아니,아니
DZJD20000788.1.1.34,2,보통적으로,보통적으로
DZJD20000788.1.1.34,2,부모랑,부모랑
DZJD20000788.1.1.34,2,이렇게,이렇게
DZJD20000788.1.1.34,2,얘기만,얘기만
DZJD20000788.1.1.34,2,해도,해도
DZJD20000788.1.1.34,2,어느,어느
DZJD20000788.1.1.34,2,정도의,정도의
DZJD20000788.1.1.34,2,문체의,문체의
DZJD20000788.1.1.34,2,뜻은,뜻은
DZJD20000788.1.1.34,2,몰라도,몰라도
DZJD20000788.1.1.34,2,이해는,이해는
DZJD20000788.1.1.34,2,되는데,되는데
DZJD20000788.1.1.35,2,이것,이것
DZJD20000788.1.1.35,2,자체도,자체도
DZJD20000788.1.1.35,2,안,안
DZJD20000788.1.1.35,2,될까,될까
DZJD20000788.1.1.36,2,한시간씩,한시간씩
DZJD20000788.1.1.36,2,온단,온단
DZJD20000788.1.1.36,2,말,말
DZJD20000788.1.1.37,2,일,일
DZJD20000788.1.1.37,2,한,한
DZJD20000788.1.1.37,2,시간씩,시간씩
DZJD20000788.1.1.37,2,보는데,보는데
DZJD20000788.1.1.37,2,그,그
DZJD20000788.1.1.37,2,시간이,시간이
DZJD20000788.1.1.37,2,나한테는,나한테는
DZJD20000788.1.1.37,2,너무,너무
DZJD20000788.1.1.37,2,이제,이제
DZJD20000788.1.1.37,2,스트레스가,스트레스가
DZJD20000788.1.1.37,2,되는거야,되는거야
DZJD20000788.1.1.38,2,뭘,뭘
DZJD20000788.1.1.38,2,어떻게,어떻게
DZJD20000788.1.1.39,2,{laughing},{laughing}
DZJD20000788.1.1.40,2,학원에,학원에
DZJD20000788.1.1.40,2,와,와
DZJD20000788.1.1.41,2,학원에,학원에
DZJD20000788.1.1.41,2,와서,와서
DZJD20000788.1.1.41,2,국어를,국어를
DZJD20000788.1.1.41,2,가르칠,가르칠
DZJD20000788.1.1.41,2,수는,수는
DZJD20000788.1.1.41,2,없으니까,없으니까
DZJD20000788.1.1.42,1,맞아,맞아
DZJD20000788.1.1.43,2,야,야
DZJD20000788.1.1.43,2,그게,그게
DZJD20000788.1.1.43,2,나의,나의
DZJD20000788.1.1.43,2,요즘,요즘
DZJD20000788.1.1.43,2,걔,걔
DZJD20000788.1.1.43,2,때문에,때문에
DZJD20000788.1.1.43,2,제일,제일
DZJD20000788.1.1.43,2,스트레스받거든,스트레스받거든
DZJD20000788.1.1.44,2,올,올
DZJD20000788.1.1.44,2,때마다,때마다
DZJD20000788.1.1.44,2,나도,나도
DZJD20000788.1.1.44,2,긴장돼,긴장돼
DZJD20000788.1.1.44,2,오늘은,오늘은
DZJD20000788.1.1.44,2,무슨,무슨
DZJD20000788.1.1.44,2,문제를,문제를
DZJD20000788.1.1.45,2,서술형,서술형
DZJD20000788.1.1.45,2,((속보)),((속보))
DZJD20000788.1.1.45,2,없고,없고
DZJD20000788.1.1.45,2,((식빵이)),((식빵이))
DZJD20000788.1.1.45,2,있어요,있어요
DZJD20000788.1.1.46,3,걍,걍
DZJD20000788.1.1.46,3,문제,문제
DZJD20000788.1.1.46,3,이해할,이해할
DZJD20000788.1.1.46,3,마음이,마음이
DZJD20000788.1.1.46,3,없는,없는
DZJD20000788.1.1.46,3,것,것
DZJD20000788.1.1.46,3,같은데,같은데
DZJD20000788.1.1.47,2,없는거,없는거
DZJD20000788.1.1.47,2,같애,같애
DZJD20000788.1.1.47,2,아,아
DZJD20000788.1.1.47,2,학부모,학부모
DZJD20000788.1.1.47,2,상담하고,상담하고
DZJD20000788.1.1.47,2,싶,싶어
DZJD20000788.1.1.47,2,아,아
DZJD20000788.1.1.47,2,걔네,걔네
DZJD20000788.1.1.48,2,이게,이게
DZJD20000788.1.1.48,2,이거,이거
DZJD20000788.1.1.48,2,지금,지금
DZJD20000788.1.1.49,2,(()),(())
DZJD20000788.1.1.49,2,해결될,해결될
DZJD20000788.1.1.49,2,문제가,문제가
DZJD20000788.1.1.49,2,아닌,아닌
DZJD20000788.1.1.49,2,것,것
DZJD20000788.1.1.49,2,같다,같다
DZJD20000788.1.1.50,3,해해,해해
DZJD20000788.1.1.51,1,초등학생이야?,초등학생이야?
DZJD20000788.1.1.52,2,삼,삼
DZJD20000788.1.1.52,2,학년,학년
DZJD20000788.1.1.53,3,아,아
DZJD20000788.1.1.53,3,그,그
DZJD20000788.1.1.54,1,기본적으로,기본적으로
DZJD20000788.1.1.54,1,해야될게,해야될게
DZJD20000788.1.1.55,3,사학년,사학년
DZJD20000788.1.1.55,3,전까지는,전까지는
DZJD20000788.1.1.55,3,그래도,그래도
DZJD20000788.1.1.55,3,잡아줘야,잡아줘야
DZJD20000788.1.1.55,3,될,될
DZJD20000788.1.1.55,3,것,것
DZJD20000788.1.1.55,3,같애,같애
DZJD20000788.1.1.56,2,너무,너무
DZJD20000788.1.1.56,2,국어에,국어에
DZJD20000788.1.1.56,2,짜증이,짜증이
DZJD20000788.1.1.56,2,많이,많이
DZJD20000788.1.1.56,2,나,나
DZJD20000788.1.1.57,2,진짜,진짜
DZJD20000788.1.1.57,2,심각해,심각해
DZJD20000788.1.1.58,2,아,아
DZJD20000788.1.1.58,2,너무,너무
DZJD20000788.1.1.58,2,스트레스에요,스트레스에요
DZJD20000788.1.1.59,2,아무튼,아무튼
DZJD20000788.1.1.59,2,원장의,원장의
DZJD20000788.1.1.59,2,그런,그런
DZJD20000788.1.1.59,2,것도,것도
DZJD20000788.1.1.59,2,넘,넘
DZJD20000788.1.1.59,2,스트레스고,스트레스고
DZJD20000788.1.1.60,1,응,응
DZJD20000788.1.1.61,1,그런데,그런데
DZJD20000788.1.1.61,1,원장이랑의,원장이랑의
DZJD20000788.1.1.61,1,문제는,문제는
DZJD20000788.1.1.61,1,충분히,충분히
DZJD20000788.1.1.61,1,해결할,해결할
DZJD20000788.1.1.61,1,수,수
DZJD20000788.1.1.61,1,있는,있는
DZJD20000788.1.1.61,1,것들이니까,것들이니까
DZJD20000788.1.1.62,1,애,애
DZJD20000788.1.1.62,1,실력은,실력은
DZJD20000788.1.1.62,1,순식간에,순식간에
DZJD20000788.1.1.62,1,향상시킬,향상시킬
DZJD20000788.1.1.62,1,순,순
DZJD20000788.1.1.62,1,없어도,없어도
DZJD20000788.1.1.63,2,그렇긴,그렇긴
DZJD20000788.1.1.63,2,했지,했지
DZJD20000788.1.1.63,2,벌써,벌써
DZJD20000788.1.1.63,2,오늘,오늘
DZJD20000788.1.1.63,2,끝나고,끝나고
DZJD20000788.1.1.63,2,그런것,그런것
DZJD20000788.1.1.63,2,좀,좀
DZJD20000788.1.1.63,2,다,다
DZJD20000788.1.1.63,2,얘기해보려고,얘기해보려고
DZJD20000788.1.1.64,2,응,응
DZJD20000788.1.1.65,1,(()),(())
DZJD20000788.1.1.66,2,오늘,오늘
DZJD20000788.1.1.66,2,몇시간,몇시간
DZJD20000788.1.1.66,2,학생반에,학생반에
DZJD20000788.1.1.66,2,있다가,있다가
DZJD20000788.1.1.66,2,온행,온행
DZJD20000788.1.1.67,2,아홉,아홉
DZJD20000788.1.1.67,2,시,시
DZJD20000788.1.1.68,3,그럼,그럼
DZJD20000788.1.1.68,3,가기,가기
DZJD20000788.1.1.68,3,하기,하기
DZJD20000788.1.1.68,3,전에,전에
DZJD20000788.1.1.68,3,얘기,얘기
DZJD20000788.1.1.68,3,하는게,하는게
DZJD20000788.1.1.68,3,낫지,낫지
DZJD20000788.1.1.68,3,안?,않아?
DZJD20000788.1.1.69,2,수업,수업
DZJD20000788.1.1.69,2,하기,하기
DZJD20000788.1.1.69,2,전에,전에
DZJD20000788.1.1.70,2,근데,근데
DZJD20000788.1.1.70,2,원장,원장
DZJD20000788.1.1.70,2,선생님이,선생님이
DZJD20000788.1.1.70,2,수업하기,수업하기
DZJD20000788.1.1.70,2,전,전
DZJD20000788.1.1.70,2,아이까,아이까
DZJD20000788.1.1.70,2,이게,이게
DZJD20000788.1.1.71,2,내반이,내반이
DZJD20000788.1.1.71,2,있잖아,있잖아
DZJD20000788.1.1.72,2,내반이,내반이
DZJD20000788.1.1.72,2,있잖아,있잖아
DZJD20000788.1.1.73,2,원장이,원장이
DZJD20000788.1.1.73,2,나보고,나보고
DZJD20000788.1.1.73,2,삼십분,삼십분
DZJD20000788.1.1.73,2,전에,전에
DZJD20000788.1.1.73,2,와라고,와라고
DZJD20000788.1.1.73,2,얘기,얘기
DZJD20000788.1.1.73,2,했잖아,했잖아
DZJD20000788.1.1.73,2,와서,와서
DZJD20000788.1.1.73,2,미리,미리
DZJD20000788.1.1.73,2,수업,수업
DZJD20000788.1.1.73,2,준비하라고,준비하라고
DZJD20000788.1.1.74,2,있었음,있었음
DZJD20000788.1.1.74,2,어쨌든,어쨌든
DZJD20000788.1.1.74,2,애들이,애들이
DZJD20000788.1.1.74,2,오기,오기
DZJD20000788.1.1.74,2,전에,전에
DZJD20000788.1.1.74,2,있었으면,있었으면
DZJD20000788.1.1.74,2,좋겠다,좋겠다
DZJD20000788.1.1.74,2,해서,해서
DZJD20000788.1.1.74,2,그,그
DZJD20000788.1.1.74,2,발이,발이
DZJD20000788.1.1.75,2,올,올
DZJD20000788.1.1.75,2,근데,근데
DZJD20000788.1.1.75,2,그,그
DZJD20000788.1.1.75,2,전에,전에
DZJD20000788.1.1.75,2,내가,내가
DZJD20000788.1.1.75,2,초반에,초반에
DZJD20000788.1.1.75,2,갔었을,갔었을
DZJD20000788.1.1.75,2,때도,때도
DZJD20000788.1.1.75,2,다른,다른
DZJD20000788.1.1.75,2,반,반
DZJD20000788.1.1.75,2,선생님이,선생님이
DZJD20000788.1.1.75,2,쓰고,쓰고
DZJD20000788.1.1.75,2,있어서,있어서
DZJD20000788.1.1.75,2,내가,내가
DZJD20000788.1.1.75,2,나보고,나보고
DZJD20000788.1.1.75,2,어쩌라는,어쩌라는
DZJD20000788.1.1.75,2,건지,건지
DZJD20000788.1.1.75,2,약간,약간
DZJD20000788.1.1.75,2,이,이
DZJD20000788.1.1.75,2,느낌이었는데,느낌이었는데
DZJD20000788.1.1.76,2,이제는,이제는
DZJD20000788.1.1.76,2,원장이,원장이
DZJD20000788.1.1.76,2,그,그
DZJD20000788.1.1.76,2,방에서,방에서
DZJD20000788.1.1.76,2,수업을,수업을
DZJD20000788.1.1.76,2,해,해
DZJD20000788.1.1.77,1,오완전,오완전
DZJD20000788.1.1.78,2,다섯,다섯
DZJD20000788.1.1.79,2,내가,내가
DZJD20000788.1.1.80,2,내가,내가
DZJD20000788.1.1.80,2,네,네
DZJD20000788.1.1.80,2,시까지,시까지
DZJD20000788.1.1.80,2,가도,가도
DZJD20000788.1.1.80,2,원장이,원장이
DZJD20000788.1.1.80,2,다섯시까지,다섯시까지
DZJD20000788.1.1.80,2,있으니까,있으니까
DZJD20000788.1.1.80,2,뭘,뭘
DZJD20000788.1.1.80,2,하질,하질
DZJD20000788.1.1.80,2,못하는,못하는
DZJD20000788.1.1.80,2,거야,거야
DZJD20000788.1.1.80,2,왜,왜
DZJD20000788.1.1.80,2,자꾸,자꾸
DZJD20000788.1.1.80,2,일찍,일찍
DZJD20000788.1.1.80,2,오라는건지,오라는건지
DZJD20000788.1.1.81,1,{laughing},{laughing}
DZJD20000788.1.1.82,3,당황했어,당황했어
DZJD20000788.1.1.82,3,순간,순간
DZJD20000788.1.1.82,3,{laughing},{laughing}
DZJD20000788.1.1.83,1,아유,아유
DZJD20000788.1.1.83,1,고생(햄져)/(했어),고생(햄져)/(했어)
DZJD20000788.1.1.83,1,고생(햄져)/(했어),고생(햄져)/(했어)
DZJD20000788.1.1.84,2,아니,아니
DZJD20000788.1.1.85,1,쌍꺼풀,쌍꺼풀
DZJD20000788.1.1.85,1,홀쭉,홀쭉
DZJD20000788.1.1.85,1,들어(간)/(갔어),들어(간)/(갔어)
DZJD20000788.1.1.86,2,좋은,좋은
DZJD20000788.1.1.86,2,게,게
DZJD20000788.1.1.87,2,좀,좀
DZJD20000788.1.1.87,2,더,더
DZJD20000788.1.1.87,2,들어가면,들어가면
DZJD20000788.1.1.87,2,사표,사표
DZJD20000788.1.1.87,2,쓸,쓸
DZJD20000788.1.1.87,2,지도,지도
DZJD20000788.1.1.88,1,뭐,뭐
DZJD20000788.1.1.88,1,그런,그런
DZJD20000788.1.1.89,2,학원만,학원만
DZJD20000788.1.1.89,2,갔다오며,갔다오며
DZJD20000788.1.1.89,2,아침에는,아침에는
DZJD20000788.1.1.89,2,부어서,부어서
DZJD20000788.1.1.89,2,없다가,없다가
DZJD20000788.1.1.89,2,학원,학원
DZJD20000788.1.1.89,2,갔다오면,갔다오면
DZJD20000788.1.1.89,2,이렇게,이렇게
DZJD20000788.1.1.89,2,들어가,들어가
DZJD20000788.1.1.89,2,있어,있어
DZJD20000788.1.1.90,1,원장,원장
DZJD20000788.1.1.90,1,쌤이,쌤이
DZJD20000788.1.1.90,1,너무,너무
DZJD20000788.1.1.90,1,예의(언)/(없어),예의(언)/(없어)
DZJD20000788.1.1.91,1,너무,너무
DZJD20000788.1.1.91,1,매너(언)/(없어),매너(언)/(없어)
DZJD20000788.1.1.92,2,매너가,매너가
DZJD20000788.1.1.92,2,진짜,진짜
DZJD20000788.1.1.92,2,없어,없어
DZJD20000788.1.1.92,2,그래서,그래서
DZJD20000788.1.1.92,2,다른,다른
DZJD20000788.1.1.92,2,쌤을,쌤을
DZJD20000788.1.1.92,2,어떻게,어떻게
DZJD20000788.1.1.92,2,사오년,사오년
DZJD20000788.1.1.92,2,하시는,하시는
DZJD20000788.1.1.92,2,거지,거지
DZJD20000788.1.1.93,1,그러니깐,그러니깐
DZJD20000788.1.1.93,1,그,그
DZJD20000788.1.1.93,1,사람들은,사람들은
DZJD20000788.1.1.93,1,그만큼,그만큼
DZJD20000788.1.1.93,1,버틸,버틸
DZJD20000788.1.1.93,1,수,수
DZJD20000788.1.1.93,1,있으니까,있으니까
DZJD20000788.1.1.93,1,오래,오래
DZJD20000788.1.1.93,1,하는거고,하는거고
DZJD20000788.1.1.94,1,그거,그거
DZJD20000788.1.1.94,1,못,못
DZJD20000788.1.1.94,1,견디는,견디는
DZJD20000788.1.1.94,1,사람들이,사람들이
DZJD20000788.1.1.94,1,계속,계속
DZJD20000788.1.1.94,1,그만두는,그만두는
DZJD20000788.1.1.94,1,거지요,거지요
DZJD20000788.1.1.95,2,맞아,맞아
DZJD20000788.1.1.95,2,암튼,암튼
DZJD20000788.1.1.95,2,아,아
DZJD20000788.1.1.96,2,암튼,암튼
DZJD20000788.1.1.96,2,그래,그래
DZJD20000788.1.1.97,2,좀,좀
DZJD20000788.1.1.97,2,그리고,그리고
DZJD20000788.1.1.97,2,막,막
DZJD20000788.1.1.97,2,아이까,아이까
DZJD20000788.1.1.97,2,쫌,쫌
DZJD20000788.1.1.97,2,어이없는,어이없는
DZJD20000788.1.1.97,2,학생도,학생도
DZJD20000788.1.1.97,2,있는게,있는게
DZJD20000788.1.1.98,2,나는,나는
DZJD20000788.1.1.98,2,토요일에,토요일에
DZJD20000788.1.1.98,2,수업을,수업을
DZJD20000788.1.1.98,2,안,안
DZJD20000788.1.1.98,2,가잖아,가잖아
DZJD20000788.1.1.99,2,화목,화목
DZJD20000788.1.1.100,2,화,화
DZJD20000788.1.1.100,2,목요일에,목요일에
DZJD20000788.1.1.100,2,수업을,수업을
DZJD20000788.1.1.100,2,하는데,하는데
DZJD20000788.1.1.100,2,어떤,어떤
DZJD20000788.1.1.100,2,애가,애가
DZJD20000788.1.1.100,2,화요일날,화요일날
DZJD20000788.1.1.100,2,안오고,안오고
DZJD20000788.1.1.100,2,목요일,목요일
DZJD20000788.1.1.100,2,날,날
DZJD20000788.1.1.100,2,온,온
DZJD20000788.1.1.100,2,거야,거야
DZJD20000788.1.1.101,2,근데,근데
DZJD20000788.1.1.101,2,내가,내가
DZJD20000788.1.1.101,2,알기론,알기론
DZJD20000788.1.1.101,2,화요일날,화요일날
DZJD20000788.1.1.101,2,오는걸로,오는걸로
DZJD20000788.1.1.101,2,알고있었고,알고있었고
DZJD20000788.1.1.101,2,&name4&야,&name4&야
DZJD20000788.1.1.101,2,너,너
DZJD20000788.1.1.101,2,왜,왜
DZJD20000788.1.1.102,2,&name4&야,&name4&야
DZJD20000788.1.1.102,2,너,너
DZJD20000788.1.1.102,2,왜,왜
DZJD20000788.1.1.103,2,{laughing},{laughing}
DZJD20000788.1.1.103,2,이렇게,이렇게
DZJD20000788.1.1.103,2,허난,하니까
DZJD20000788.1.1.104,2,너,너
DZJD20000788.1.1.104,2,왜,왜
DZJD20000788.1.1.105,2,화요일날,화요일날
DZJD20000788.1.1.105,2,안,안
DZJD20000788.1.1.105,2,오고,오고
DZJD20000788.1.1.105,2,목요일날,목요일날
DZJD20000788.1.1.105,2,왔냐,왔냐
DZJD20000788.1.1.106,2,하고,하고
DZJD20000788.1.1.106,2,하니까,하니까
DZJD20000788.1.1.107,2,자기가,자기가
DZJD20000788.1.1.108,2,내,내
DZJD20000788.1.1.108,2,앞에,앞에
DZJD20000788.1.1.108,2,학원이있어서,학원이있어서
DZJD20000788.1.1.108,2,화요일날,화요일날
DZJD20000788.1.1.108,2,올,올
DZJD20000788.1.1.108,2,듯,듯
DZJD20000788.1.1.108,2,목요일날,목요일날
DZJD20000788.1.1.108,2,올지,올지
DZJD20000788.1.1.108,2,잘,잘
DZJD20000788.1.1.108,2,모른대,모른대
DZJD20000788.1.1.108,2,그,그
DZJD20000788.1.1.108,2,학원에,학원에
DZJD20000788.1.1.108,2,따라서,따라서
DZJD20000788.1.1.109,2,그래서,그래서
DZJD20000788.1.1.109,2,그럼,그럼
DZJD20000788.1.1.109,2,선생님이,선생님이
DZJD20000788.1.1.109,2,너가,너가
DZJD20000788.1.1.109,2,화요일날,화요일날
DZJD20000788.1.1.109,2,오는,오는
DZJD20000788.1.1.109,2,지,지
DZJD20000788.1.1.109,2,목요일도,목요일도
DZJD20000788.1.1.110,2,오는지,오는지
DZJD20000788.1.1.110,2,언젠지,언젠지
DZJD20000788.1.1.110,2,정확하게,정확하게
DZJD20000788.1.1.110,2,알지도,알지도
DZJD20000788.1.1.110,2,못한,못한
DZJD20000788.1.1.110,2,상태에서,상태에서
DZJD20000788.1.1.110,2,이렇게,이렇게
DZJD20000788.1.1.110,2,그냥,그냥
DZJD20000788.1.1.110,2,마냥,마냥
DZJD20000788.1.1.110,2,기다려야되는거냐고,기다려야되는거냐고
DZJD20000788.1.1.111,2,그렇대,그렇대
DZJD20000788.1.1.112,1,아니,아니
DZJD20000788.1.1.112,1,애한텐,애한텐
DZJD20000788.1.1.112,1,잘말하면서,잘말하면서
DZJD20000788.1.1.112,1,왜,왜
DZJD20000788.1.1.112,1,원장한테,원장한테
DZJD20000788.1.1.112,1,말을,말을
DZJD20000788.1.1.112,1,못해,못해
DZJD20000788.1.1.113,2,이런,이런
DZJD20000788.1.1.113,2,학생이,학생이
DZJD20000788.1.1.113,2,다,다
DZJD20000788.1.1.113,2,했지,했지
DZJD20000788.1.1.114,2,화요일,화요일
DZJD20000788.1.1.114,2,날,날
DZJD20000788.1.1.114,2,안,안
DZJD20000788.1.1.114,2,올때는,올때는
DZJD20000788.1.1.114,2,목요일날,목요일날
DZJD20000788.1.1.114,2,오는거고,오는거고
DZJD20000788.1.1.115,2,화요일에,화요일에
DZJD20000788.1.1.115,2,오면,오면
DZJD20000788.1.1.115,2,목요일날,목요일날
DZJD20000788.1.1.115,2,오는거고,오는거고
DZJD20000788.1.1.115,2,근데,근데
DZJD20000788.1.1.115,2,그때,그때
DZJD20000788.1.1.115,2,상황,상황
DZJD20000788.1.1.115,2,가봐야,가봐야
DZJD20000788.1.1.115,2,아는,아는
DZJD20000788.1.1.115,2,거고,거고
DZJD20000788.1.1.116,1,아진짜,아진짜
DZJD20000788.1.1.116,1,원장,원장
DZJD20000788.1.1.116,1,일,일
DZJD20000788.1.1.116,1,너무,너무
DZJD20000788.1.1.116,1,못한다,못한다
DZJD20000788.1.1.117,2,응,응
DZJD20000788.1.1.117,2,근데,근데
DZJD20000788.1.1.117,2,진짜,진짜
DZJD20000788.1.1.118,2,아무튼,아무튼
DZJD20000788.1.1.118,2,그래가지고,그래가지고
DZJD20000788.1.1.119,3,별로다,별로다
DZJD20000788.1.1.120,2,매우,매우
DZJD20000788.1.1.120,2,피곤한,피곤한
DZJD20000788.1.1.120,2,상태,상태
DZJD20000788.1.1.120,2,오늘,오늘
DZJD20000788.1.1.120,2,가서,가서
DZJD20000788.1.1.120,2,얘기하잰,얘기하려고
DZJD20000788.1.1.121,2,((동네)),((동네))
DZJD20000788.1.1.121,2,에서,에서
DZJD20000788.1.1.121,2,가야,가야
DZJD20000788.1.1.121,2,하겠다,하겠다
DZJD20000788.1.1.121,2,말할,말할
DZJD20000788.1.1.121,2,것도,것도
DZJD20000788.1.1.121,2,까먹었어,까먹었어
DZJD20000788.1.1.122,1,야,야
DZJD20000788.1.1.122,1,&name2&,&name2&
DZJD20000788.1.1.123,1,넌,넌
DZJD20000788.1.1.123,1,공부,공부
DZJD20000788.1.1.123,1,좀,좀
DZJD20000788.1.1.123,1,해,해
DZJD20000788.1.1.124,3,나,나
DZJD20000788.1.1.125,1,어쩌라고,어쩌라고
DZJD20000788.1.1.126,3,새로,새로
DZJD20000788.1.1.126,3,계획도,계획도
DZJD20000788.1.1.126,3,짜놨어,짜놨어
DZJD20000788.1.1.127,3,어어,어어
DZJD20000788.1.1.128,3,어,어
DZJD20000788.1.1.128,3,나가,나가
DZJD20000788.1.1.129,3,{laughing},{laughing}
DZJD20000788.1.1.130,1,{laughing},{laughing}
DZJD20000788.1.1.131,1,&name2&도,&name2&도
DZJD20000788.1.1.131,1,있어,있어
DZJD20000788.1.1.131,1,넌,넌
DZJD20000788.1.1.131,1,색깔,색깔
DZJD20000788.1.1.131,1,예쁘다,예쁘다
DZJD20000788.1.1.132,1,칙칙한가,칙칙한가
DZJD20000788.1.1.133,3,똑같은,똑같은
DZJD20000788.1.1.133,3,색인데,색인데
DZJD20000788.1.1.134,3,나도,나도
DZJD20000788.1.1.134,3,그,그
DZJD20000788.1.1.134,3,색인데,색인데
DZJD20000788.1.1.135,3,어,어
DZJD20000788.1.1.135,3,그리고,그리고
DZJD20000788.1.1.135,3,황토색,황토색
DZJD20000788.1.1.136,1,핑크색(아니)/(아냐),핑크색(아니)/(아냐)
DZJD20000788.1.1.137,3,핑크색은,핑크색은
DZJD20000788.1.1.137,3,이건데,이건데
DZJD20000788.1.1.138,3,응,응
DZJD20000788.1.1.138,3,핑크색이고,핑크색이고
DZJD20000788.1.1.139,2,진짜네,진짜네
DZJD20000788.1.1.139,2,맞네,맞네
DZJD20000788.1.1.139,2,맞네,맞네
DZJD20000788.1.1.140,1,우린,우린
DZJD20000788.1.1.140,1,확,확
DZJD20000788.1.1.140,1,핑크,핑크
DZJD20000788.1.1.140,1,색이,색이
DZJD20000788.1.1.140,1,더,더
DZJD20000788.1.1.140,1,예쁘다,예쁘다
DZJD20000788.1.1.141,3,괜히,괜히
DZJD20000788.1.1.141,3,깔별로,깔별로
DZJD20000788.1.1.141,3,샀어,샀어
DZJD20000788.1.1.141,3,이거,이거
DZJD20000788.1.1.142,1,야,야
DZJD20000788.1.1.142,1,구월달에,구월달에
DZJD20000788.1.1.142,1,멈춴,멈췄어
DZJD20000788.1.1.142,1,구월,구월
DZJD20000788.1.1.142,1,달에,달에
DZJD20000788.1.1.143,2,아,아
DZJD20000788.1.1.144,3,난,난
DZJD20000788.1.1.144,3,다음달꺼,다음달꺼
DZJD20000788.1.1.144,3,새로,새로
DZJD20000788.1.1.144,3,만들언,만들었어
DZJD20000788.1.1.145,3,{laughing},{laughing}
DZJD20000788.1.1.145,3,다른,다른
DZJD20000788.1.1.145,3,다른,다른
DZJD20000788.1.1.145,3,색깔,색깔
DZJD20000788.1.1.146,3,노트에다가,노트에다가
DZJD20000788.1.1.147,3,내년,내년
DZJD20000788.1.1.147,3,일,일
DZJD20000788.1.1.147,3,월까지,월까지
DZJD20000788.1.1.147,3,혹시,혹시
DZJD20000788.1.1.147,3,몰라서,몰라서
DZJD20000788.1.1.147,3,내년,내년
DZJD20000788.1.1.147,3,일,일
DZJD20000788.1.1.147,3,월까지,월까지
DZJD20000788.1.1.147,3,해놨다고요,해놨다고요
DZJD20000788.1.1.148,3,{laughing},{laughing}
DZJD20000788.1.1.148,3,아,아
DZJD20000788.1.1.149,3,계획은,계획은
DZJD20000788.1.1.149,3,참,참
DZJD20000788.1.1.149,3,잘,잘
DZJD20000788.1.1.149,3,세우는데,세우는데
DZJD20000788.1.1.150,3,실천을,실천을
DZJD20000788.1.1.150,3,못하네,못하네
DZJD20000788.1.1.150,3,실천을,실천을
DZJD20000788.1.1.150,3,못하네,못하네
DZJD20000788.1.1.151,3,이거봐,이거봐
DZJD20000788.1.1.151,3,동그라미,동그라미
DZJD20000788.1.1.151,3,생활계획표를,생활계획표를
DZJD20000788.1.1.151,3,잘,잘
DZJD20000788.1.1.151,3,해놨어,해놨어
DZJD20000788.1.1.152,2,답답허다,답답허다
DZJD20000788.1.1.152,2,답답해요,답답해요
DZJD20000788.1.1.153,1,야,야
DZJD20000788.1.1.153,1,삼춘,삼촌
DZJD20000788.1.1.154,1,생각해야,생각해야
DZJD20000788.1.1.154,1,봅서예,보자해
DZJD20000788.1.1.155,1,들엄수과,들었어요
DZJD20000788.1.1.156,3,예,예
DZJD20000788.1.1.157,1,너,너
DZJD20000788.1.1.157,1,초등학교,초등학교
DZJD20000788.1.1.157,1,때,때
DZJD20000788.1.1.158,1,진짜,진짜
DZJD20000788.1.1.159,1,동그라미랑,동그라미랑
DZJD20000788.1.1.159,1,맨날,맨날
DZJD20000788.1.1.159,1,이거,이거
DZJD20000788.1.1.159,1,그렸지,그렸지
DZJD20000788.1.1.160,3,응,응
DZJD20000788.1.1.161,1,방학,방학
DZJD20000788.1.1.161,1,때마다,때마다
DZJD20000788.1.1.162,3,어,어
DZJD20000788.1.1.163,1,그,그
DZJD20000788.1.1.163,1,며칠이나,며칠이나
DZJD20000788.1.1.163,1,지켜봅데과,지켰어
DZJD20000788.1.1.164,3,지켜,지켜
DZJD20000788.1.1.164,3,본,본
DZJD20000788.1.1.164,3,적,적
DZJD20000788.1.1.164,3,없을껄,없을껄
DZJD20000788.1.1.165,1,{laughing},{laughing}
DZJD20000788.1.1.166,1,열심히,열심히
DZJD20000788.1.1.166,1,그렸지,그렸지
DZJD20000788.1.1.167,1,예,예
DZJD20000788.1.1.168,3,예,예
DZJD20000788.1.1.169,1,며칠이나,며칠이나
DZJD20000788.1.1.169,1,지킬,지킬
DZJD20000788.1.1.169,1,거,거
DZJD20000788.1.1.169,1,닮을꽈,같아요
DZJD20000788.1.1.170,3,그래서,그래서
DZJD20000788.1.1.170,3,오늘,오늘
DZJD20000788.1.1.170,3,시뮬,시뮬
DZJD20000788.1.1.170,3,오늘,오늘
DZJD20000788.1.1.170,3,하루를,하루를
DZJD20000788.1.1.170,3,시뮬레이션을,시뮬레이션을
DZJD20000788.1.1.170,3,생각해봤쥬,생각해봤쥬
DZJD20000788.1.1.170,3,저건,저건
DZJD20000788.1.1.170,3,십이,십이
DZJD20000788.1.1.170,3,월,월
DZJD20000788.1.1.170,3,일,일
DZJD20000788.1.1.170,3,일부터니까,일부터니까
DZJD20000788.1.1.171,3,오늘,오늘
DZJD20000788.1.1.171,3,시뮬레이션이,시뮬레이션이
DZJD20000788.1.1.171,3,망핸,망했어
DZJD20000788.1.1.172,1,너는,너는
DZJD20000788.1.1.172,1,쫌,쫌
DZJD20000788.1.1.172,1,뭐라,뭐라
DZJD20000788.1.1.172,1,하네,하네
DZJD20000788.1.1.173,1,말했잖아,말했잖아
DZJD20000788.1.1.174,3,일곱시,일곱시
DZJD20000788.1.1.174,3,기상,기상
DZJD20000788.1.1.174,3,목표인데,목표인데
DZJD20000788.1.1.175,3,아휴,아휴
DZJD20000788.1.1.176,1,양,양
DZJD20000788.1.1.177,3,예,예
DZJD20000788.1.1.178,1,너가,너가
DZJD20000788.1.1.178,1,맨날,맨날
DZJD20000788.1.1.178,1,맨날,맨날
DZJD20000788.1.1.178,1,아침,아침
DZJD20000788.1.1.178,1,아홉,아홉
DZJD20000788.1.1.178,1,시,시
DZJD20000788.1.1.178,1,열,열
DZJD20000788.1.1.178,1,시에,시에
DZJD20000788.1.1.178,1,일어(나당)/(나다가),일어(나당)/(나다가)
DZJD20000788.1.1.178,1,계획표,계획표
DZJD20000788.1.1.178,1,한번,한번
DZJD20000788.1.1.178,1,세웠댄,세웠다고
DZJD20000788.1.1.178,1,일곱,일곱
DZJD20000788.1.1.178,1,시에,시에
DZJD20000788.1.1.178,1,일어나지니꽈,일어나지나요
DZJD20000788.1.1.179,3,못,못
DZJD20000788.1.1.179,3,일어나지,일어나지
DZJD20000788.1.1.180,1,너한테,너한테
DZJD20000788.1.1.180,1,마청,맞춰서
DZJD20000788.1.1.180,1,짭성,짜요
DZJD20000788.1.1.180,1,걍보기,걍보기
DZJD20000788.1.1.180,1,좋고,좋고
DZJD20000788.1.1.181,1,차림,차림
DZJD20000788.1.1.181,1,좋은,좋은
DZJD20000788.1.1.181,1,건,건
DZJD20000788.1.1.181,1,하지망,하지말고
DZJD20000788.1.1.181,1,뭐(햄수가)/(해요),뭐(햄수가)/(해요)
DZJD20000788.1.1.182,3,어?,어?
DZJD20000788.1.1.182,3,안,안
DZJD20000788.1.1.182,3,하는데,하는데
DZJD20000788.1.1.183,1,이렇게,이렇게
DZJD20000788.1.1.183,1,무사,왜
DZJD20000788.1.1.183,1,콧구멍녀,콧구멍녀
DZJD20000788.1.1.183,1,입술만,입술만
DZJD20000788.1.1.183,1,보이는거,보이는거
DZJD20000788.1.1.184,3,아휴,아휴
DZJD20000788.1.1.185,3,맞아,맞아
DZJD20000788.1.1.185,3,어디야,어디야
DZJD20000788.1.1.185,3,여기,여기
DZJD20000788.1.1.185,3,좀,좀
DZJD20000788.1.1.185,3,정리해놨죠,정리해놨죠
DZJD20000788.1.1.186,2,오오,오오
DZJD20000788.1.1.187,3,원래,원래
DZJD20000788.1.1.187,3,이거보다,이거보다
DZJD20000788.1.1.187,3,더,더
DZJD20000788.1.1.187,3,개판이었는데,개판이었는데
DZJD20000788.1.1.188,1,원래,원래
DZJD20000788.1.1.188,1,개판이,개판이
DZJD20000788.1.1.188,1,아니고,아니고
DZJD20000788.1.1.188,1,원래,원래
DZJD20000788.1.1.188,1,거기에,거기에
DZJD20000788.1.1.188,1,호떡,호떡
DZJD20000788.1.1.188,1,이서놨수게,있었어
DZJD20000788.1.1.189,1,개코는,개코는
DZJD20000788.1.1.189,1,무신,무슨
DZJD20000788.1.1.189,1,개코,개코
DZJD20000788.1.1.190,3,호떡도,호떡도
DZJD20000788.1.1.190,3,먹고,먹고
DZJD20000788.1.1.190,3,정신이,정신이
DZJD20000788.1.1.190,3,건강해야,건강해야
DZJD20000788.1.1.190,3,신체도,신체도
DZJD20000788.1.1.190,3,건강해,건강해
DZJD20000788.1.1.191,1,아이고,아이고
DZJD20000788.1.1.191,1,말이라도,말이라도
DZJD20000788.1.1.191,1,못햄시민,못했으면
DZJD20000788.1.1.192,3,다음에,다음에
DZJD20000788.1.1.192,3,꼭,꼭
DZJD20000788.1.1.192,3,원장님,원장님
DZJD20000788.1.1.192,3,이기고,이기고
DZJD20000788.1.1.192,3,와,와
DZJD20000788.1.1.193,3,스트레스를,스트레스를
DZJD20000788.1.1.193,3,물리쳐야지,물리쳐야지
DZJD20000788.1.1.193,3,우리가,우리가
DZJD20000788.1.1.193,3,건강해질,건강해질
DZJD20000788.1.1.193,3,수,수
DZJD20000788.1.1.193,3,있다,있다
DZJD20000788.1.1.194,3,너는,너는
DZJD20000788.1.1.194,3,너,너
DZJD20000788.1.1.194,3,자신이나,자신이나
DZJD20000788.1.1.194,3,이겨,이겨
DZJD20000788.1.1.194,3,이씨,이씨
DZJD20000788.1.1.195,3,나는,나는
DZJD20000788.1.1.195,3,호르몬의,호르몬의
DZJD20000788.1.1.195,3,노예라서,노예라서
DZJD20000788.1.1.195,3,나자신을,나자신을
DZJD20000788.1.1.195,3,이길,이길
DZJD20000788.1.1.195,3,수가,수가
DZJD20000788.1.1.195,3,없어,없어
DZJD20000788.1.1.195,3,너무모한,너무모한
DZJD20000788.1.1.196,3,인간이야,인간이야
DZJD20000788.1.1.197,1,변명만,변명만
DZJD20000788.1.1.197,1,줄줄,줄줄
DZJD20000788.1.1.197,1,읊지,읊지
DZJD20000788.1.1.197,1,마라,마라
DZJD20000788.1.1.198,2,&name1&,&name1&
DZJD20000788.1.1.198,2,얼굴,얼굴
DZJD20000788.1.1.198,2,봐,봐
DZJD20000788.1.1.199,2,화났어,화났어
DZJD20000788.1.1.199,2,화났어,화났어
DZJD20000788.1.1.200,1,저,저
DZJD20000788.1.1.200,1,삼춘,삼촌
DZJD20000788.1.1.200,1,이랑,이랑
DZJD20000788.1.1.200,1,말해가난이,말하면
DZJD20000788.1.1.200,1,((부에관한은행이)),((부에관한은행이))
DZJD20000788.1.1.201,1,아,아
DZJD20000788.1.1.201,1,나,나
DZJD20000788.1.1.201,1,저혈압(이주게)/(이지),저혈압(이주게)/(이지)
DZJD20000788.1.1.202,1,저혈압(인디)/(인데),저혈압(인디)/(인데)
DZJD20000788.1.1.202,1,자이,쟤
DZJD20000788.1.1.202,1,랑만,랑만
DZJD20000788.1.1.202,1,말하다보면,말하다보면
DZJD20000788.1.1.202,1,고혈압,고혈압
DZJD20000788.1.1.202,1,되크라,되겠어
DZJD20000788.1.1.203,3,게난,그러니까
DZJD20000788.1.1.203,3,잘,잘
DZJD20000788.1.1.203,3,챙겨,챙겨
DZJD20000788.1.1.203,3,먹어,먹어
DZJD20000788.1.1.204,1,나,나
DZJD20000788.1.1.204,1,잘,잘
DZJD20000788.1.1.204,1,먹어,먹어
DZJD20000788.1.1.204,1,너보다,너보다
DZJD20000788.1.1.204,1,잘,잘
DZJD20000788.1.1.204,1,챙겨먹음서,챙겨먹어
DZJD20000788.1.1.205,3,양은,양은
DZJD20000788.1.1.205,3,나보다,나보다
DZJD20000788.1.1.205,3,적잖아,적잖아
DZJD20000788.1.1.206,1,게,게
DZJD20000788.1.1.206,1,너보다,너보다
DZJD20000788.1.1.206,1,잘,잘
DZJD20000788.1.1.206,1,먹긴,먹긴
DZJD20000788.1.1.206,1,잘,잘
DZJD20000788.1.1.206,1,먹네,먹네
DZJD20000788.1.1.207,2,시작해,시작해
DZJD20000788.1.1.207,2,친구들,친구들
DZJD20000788.1.1.208,3,속상해,속상해
DZJD20000788.1.1.208,3,속상해,속상해
DZJD20000788.1.1.209,2,우리,우리
DZJD20000788.1.1.209,2,화요일날,화요일날
DZJD20000788.1.1.209,2,날한번,날한번
DZJD20000788.1.1.209,2,잡을까,잡을까
DZJD20000788.1.1.210,3,어,어
DZJD20000788.1.1.210,3,좋아,좋아
DZJD20000788.1.1.210,3,좋아,좋아
DZJD20000788.1.1.211,1,나,나
DZJD20000788.1.1.211,1,빼고,빼고
DZJD20000788.1.1.211,1,간다,간다
DZJD20000788.1.1.212,2,왜,왜
DZJD20000788.1.1.212,2,같이,같이
DZJD20000788.1.1.212,2,만나게,만나자
DZJD20000788.1.1.213,1,저,저
DZJD20000788.1.1.213,1,&name4&,&name4&
DZJD20000788.1.1.213,1,불러서,불러서
DZJD20000788.1.1.213,1,셋이,셋이
DZJD20000788.1.1.213,1,만나,만나
DZJD20000788.1.1.214,2,그냥,그냥
DZJD20000788.1.1.214,2,넷이,넷이
DZJD20000788.1.1.214,2,만나게,만나자
DZJD20000788.1.1.215,1,난,난
DZJD20000788.1.1.215,1,빼줘,빼줘
DZJD20000788.1.1.216,1,함덕에서,함덕에서
DZJD20000788.1.1.216,1,만나게,만나자
DZJD20000788.1.1.217,3,좋아,좋아
DZJD20000788.1.1.217,3,좋아,좋아
DZJD20000788.1.1.217,3,좋아,좋아
DZJD20000788.1.1.217,3,좋아,좋아
DZJD20000788.1.1.218,3,{laughing},{laughing}
DZJD20000788.1.1.219,2,밥,밥
DZJD20000788.1.1.219,2,먹으러,먹으러
DZJD20000788.1.1.220,1,듣기만,듣기만
DZJD20000788.1.1.220,1,해도,해도
DZJD20000788.1.1.220,1,피곤하다,피곤하다
DZJD20000788.1.1.220,1,안,안
DZJD20000788.1.1.220,1,돼,돼
DZJD20000788.1.1.220,1,안,안
DZJD20000788.1.1.220,1,돼,돼
DZJD20000788.1.1.221,3,병문안,병문안
DZJD20000788.1.1.221,3,가면,가면
DZJD20000788.1.1.221,3,되겠다,되겠다
DZJD20000788.1.1.221,3,선물사들러,선물사들러
DZJD20000788.1.1.222,1,아오지마저번에도,아오지마저번에도
DZJD20000788.1.1.223,1,저번에,저번에
DZJD20000788.1.1.223,1,야,야
DZJD20000788.1.1.223,1,저번,저번
DZJD20000788.1.1.223,1,주에,주에
DZJD20000788.1.1.223,1,아이,아이
DZJD20000788.1.1.223,1,그,그
DZJD20000788.1.1.223,1,한시간,한시간
DZJD20000788.1.1.223,1,늦으켄,늦는다고
DZJD20000788.1.1.223,1,했네,했잖아
DZJD20000788.1.1.224,1,무사,왜
DZJD20000788.1.1.224,1,늦엄시,늦었는지
DZJD20000788.1.1.224,1,무사,왜
DZJD20000788.1.1.224,1,늦엄시,늦었는지
DZJD20000788.1.1.224,1,물어봐도,물어봐도
DZJD20000788.1.1.224,1,절대,절대
DZJD20000788.1.1.224,1,아니,아니
DZJD20000788.1.1.224,1,골아준,말해준
DZJD20000788.1.1.224,1,이유가,이유가
DZJD20000788.1.1.225,1,그우리집,그우리집
DZJD20000788.1.1.225,1,가져온,가져온
DZJD20000788.1.1.225,1,김치,김치
DZJD20000788.1.1.225,1,그거,그거
DZJD20000788.1.1.225,1,담그고,담그고
DZJD20000788.1.1.225,1,있었댄,있었대
DZJD20000788.1.1.226,3,맞아,맞아
DZJD20000788.1.1.226,3,그,그
DZJD20000788.1.1.226,3,순간,순간
DZJD20000788.1.1.226,3,자리를,자리를
DZJD20000788.1.1.226,3,못,못
DZJD20000788.1.1.226,3,비웠는데,비웠는데
DZJD20000788.1.1.226,3,아버지가,아버지가
DZJD20000788.1.1.226,3,그냥,그냥
DZJD20000788.1.1.226,3,가라고,가라고
DZJD20000788.1.1.226,3,해,해
DZJD20000788.1.1.226,3,가지고,가지고
DZJD20000788.1.1.226,3,알겠다고,알겠다고
DZJD20000788.1.1.226,3,하고,하고
DZJD20000788.1.1.226,3,넘어왔어,넘어왔어
DZJD20000788.1.1.227,1,그걸,그걸
DZJD20000788.1.1.227,1,무사,왜
DZJD20000788.1.1.227,1,아니(골았대관)/(말했대),아니(골았대관)/(말했대)
DZJD20000788.1.1.228,3,서프라이즈,서프라이즈
DZJD20000788.1.1.229,2,{laughing},{laughing}
DZJD20000788.1.1.230,2,걍,걍
DZJD20000788.1.1.230,2,집에,집에
DZJD20000788.1.1.230,2,이신디,있는데
DZJD20000788.1.1.231,2,저녁에,저녁에
DZJD20000788.1.1.231,2,전화가,전화가
DZJD20000788.1.1.231,2,온,온
DZJD20000788.1.1.231,2,것,것
DZJD20000788.1.1.231,2,아니,아냐
DZJD20000788.1.1.231,2,저녁에,저녁에
DZJD20000788.1.1.231,2,아니,아냐
DZJD20000788.1.1.232,1,삼춘,삼촌
DZJD20000788.1.1.232,1,고모는,고모는
DZJD20000788.1.1.232,1,홍시,홍시
DZJD20000788.1.1.232,1,파꽈,파입니까
DZJD20000788.1.1.232,1,단시,단시
DZJD20000788.1.1.232,1,파꽈,파입니까
DZJD20000788.1.1.233,1,홍시,홍시
DZJD20000788.1.1.233,1,좋아하기는,좋아하기는
DZJD20000788.1.1.233,1,하는데,하는데
DZJD20000788.1.1.233,1,집에,집에
DZJD20000788.1.1.233,1,홍시,홍시
DZJD20000788.1.1.233,1,인,있어
DZJD20000788.1.1.233,1,이랬더니,이랬더니
DZJD20000788.1.1.233,1,아,아
DZJD20000788.1.1.233,1,기꽈,그래요
DZJD20000788.1.1.233,1,짓는데,짓는데
DZJD20000788.1.1.233,1,함덕,함덕
DZJD20000788.1.1.233,1,왔나,왔나
DZJD20000788.1.1.234,1,다니래,다니래
DZJD20000788.1.1.234,1,엄마,엄마
DZJD20000788.1.1.235,1,아니,아니
DZJD20000788.1.1.235,1,고지는,고지는
DZJD20000788.1.1.235,1,말래,말래
DZJD20000788.1.1.236,1,경,그렇게
DZJD20000788.1.1.236,1,행,해서
DZJD20000788.1.1.236,1,한,한
DZJD20000788.1.1.236,1,오,오
DZJD20000788.1.1.236,1,분인가,분인가
DZJD20000788.1.1.236,1,이시난,있으니까
DZJD20000788.1.1.236,1,김치(영)/(나),김치(영)/(나)
DZJD20000788.1.1.236,1,과일이(영)/(나),과일이(영)/(나)
DZJD20000788.1.1.236,1,들렁,들어서
DZJD20000788.1.1.236,1,집들어(완)/(왔어),집들어(완)/(왔어)
DZJD20000788.1.1.237,1,완,왔어
DZJD20000788.1.1.238,1,아유,아유
DZJD20000788.1.1.238,1,나,나
DZJD20000788.1.1.239,3,원래,원래
DZJD20000788.1.1.239,3,((xxx)),((xxx))
DZJD20000788.1.1.239,3,사잰,사자고
DZJD20000788.1.1.239,3,해신디,했는데
DZJD20000788.1.1.240,3,너무,너무
DZJD20000788.1.1.240,3,비싼,비싼
DZJD20000788.1.1.240,3,거,거
DZJD20000788.1.1.240,3,한,한
DZJD20000788.1.1.240,3,박스,박스
DZJD20000788.1.1.240,3,삼,삼
DZJD20000788.1.1.240,3,사,사
DZJD20000788.1.1.240,3,만원씩,만원씩
DZJD20000788.1.1.240,3,하는거,하는거
DZJD20000788.1.1.241,1,맞아,맞아
DZJD20000788.1.1.241,1,비싸,비싸
DZJD20000788.1.1.242,3,너무,너무
DZJD20000788.1.1.242,3,비싸서,비싸서
DZJD20000788.1.1.242,3,맛있는,맛있는
DZJD20000788.1.1.242,3,건,건
DZJD20000788.1.1.242,3,알겠는데,알겠는데
DZJD20000788.1.1.242,3,너무,너무
DZJD20000788.1.1.242,3,비싸부난,비싸서
DZJD20000788.1.1.242,3,아빠가이,아빠가
DZJD20000788.1.1.243,3,이,이
DZJD20000788.1.1.243,3,무슨,무슨
DZJD20000788.1.1.243,3,과일,과일
DZJD20000788.1.1.243,3,먹는,먹는
DZJD20000788.1.1.243,3,약,약
DZJD20000788.1.1.243,3,가격이,가격이
DZJD20000788.1.1.243,3,완전,완전
DZJD20000788.1.1.243,3,금칠,금칠
DZJD20000788.1.1.243,3,하케졈저,하겠어
DZJD20000788.1.1.243,3,영하면,이러면서
DZJD20000788.1.1.243,3,아빠,아빠
DZJD20000788.1.1.244,3,너무,너무
DZJD20000788.1.1.244,3,비싼거,비싼거
DZJD20000788.1.1.244,3,아니냐,아니냐
DZJD20000788.1.1.245,1,거맞아,거맞아
DZJD20000788.1.1.245,1,완전,완전
DZJD20000788.1.1.245,1,노래요,노래요
DZJD20000788.1.1.245,1,가격(보민)/(보면),가격(보민)/(보면)
DZJD20000788.1.1.246,1,집에서,집에서
DZJD20000788.1.1.246,1,키웡이나,키워서
DZJD20000788.1.1.246,1,먹어사심,먹어사심
DZJD20000788.1.1.247,3,맛있긴,맛있긴
DZJD20000788.1.1.247,3,한데,한데
DZJD20000788.1.1.248,2,괜찮은데,괜찮은데
DZJD20000788.1.1.249,1,딱히,딱히
DZJD20000788.1.1.249,1,맛있는,맛있는
DZJD20000788.1.1.249,1,것도,것도
DZJD20000788.1.1.249,1,잘,잘
DZJD20000788.1.1.249,1,모르겐,모르겠어
DZJD20000788.1.1.249,1,내,내
DZJD20000788.1.1.249,1,스타일,스타일
DZJD20000788.1.1.249,1,아니,아냐
DZJD20000788.1.1.250,3,맛있는데,맛있는데
DZJD20000788.1.1.251,1,샤인머스켓,샤인머스켓
DZJD20000788.1.1.252,1,겐디,근데
DZJD20000788.1.1.252,1,요번에,요번에
DZJD20000788.1.1.252,1,사온,사온
DZJD20000788.1.1.252,1,거봉,거봉
DZJD20000788.1.1.252,1,맛있언게,맛있었어
DZJD20000788.1.1.253,3,안,안
DZJD20000788.1.1.253,3,그래도,그래도
DZJD20000788.1.1.253,3,거봉,거봉
DZJD20000788.1.1.253,3,사카,살까
DZJD20000788.1.1.253,3,무슨,무슨
DZJD20000788.1.1.254,3,크름,크름
DZJD20000788.1.1.254,3,크랜베리인가,크랜베리인가
DZJD20000788.1.1.255,3,그,그
DZJD20000788.1.1.255,3,포도,포도
DZJD20000788.1.1.256,3,크랜베리,크랜베리
DZJD20000788.1.1.256,3,말고,말고
DZJD20000788.1.1.256,3,크레인,크레인
DZJD20000788.1.1.256,3,브인가,브인가
DZJD20000788.1.1.256,3,크랜베리인가,크랜베리인가
DZJD20000788.1.1.256,3,크렘벨인가,크렘벨인가
DZJD20000788.1.1.257,3,막,막
DZJD20000788.1.1.258,3,크림슨이였던것,크림슨이였던것
DZJD20000788.1.1.258,3,같다,같다
DZJD20000788.1.1.258,3,크린베리,크린베리
DZJD20000788.1.1.258,3,아니고,아니고
DZJD20000788.1.1.259,1,크림슨이,크림슨이
DZJD20000788.1.1.259,1,뭐,뭐
DZJD20000788.1.1.260,3,포도,포도
DZJD20000788.1.1.260,3,같은,같은
DZJD20000788.1.1.260,3,것인데,것인데
DZJD20000788.1.1.260,3,미국산,미국산
DZJD20000788.1.1.260,3,포도,포도
DZJD20000788.1.1.261,1,오,오
DZJD20000788.1.1.262,1,크림슨,크림슨
DZJD20000788.1.1.262,1,포드,포드
DZJD20000788.1.1.262,1,있네,있네
DZJD20000788.1.1.263,3,어,어
DZJD20000788.1.1.263,3,그래서,그래서
DZJD20000788.1.1.263,3,그것,그것
DZJD20000788.1.1.263,3,아까,아까
DZJD20000788.1.1.263,3,뭐살까,뭐살까
DZJD20000788.1.1.263,3,원래는,원래는
DZJD20000788.1.1.263,3,감,감
DZJD20000788.1.1.263,3,사잰,사자고
DZJD20000788.1.1.263,3,해신디,했는데
DZJD20000788.1.1.264,3,들어보난,들어보니까
DZJD20000788.1.1.264,3,집에,집에
DZJD20000788.1.1.264,3,감,감
DZJD20000788.1.1.264,3,있댄,있다고
DZJD20000788.1.1.264,3,해가지고,해가지고
DZJD20000788.1.1.265,2,이게,이게
DZJD20000788.1.1.265,2,크림슨이구나,크림슨이구나
DZJD20000788.1.1.266,3,뭐사지,뭐사지
DZJD20000788.1.1.266,3,영하다가,이러다가
DZJD20000788.1.1.267,3,아빠랑,아빠랑
DZJD20000788.1.1.267,3,아빠가,아빠가
DZJD20000788.1.1.267,3,아웃,아웃
DZJD20000788.1.1.268,3,그냥,그냥
DZJD20000788.1.1.268,3,가카,가카
DZJD20000788.1.1.268,3,영하다가,이러다가
DZJD20000788.1.1.269,3,그래도,그래도
DZJD20000788.1.1.269,3,뭐라도,뭐라도
DZJD20000788.1.1.269,3,하나,하나
DZJD20000788.1.1.269,3,덜렁,들고
DZJD20000788.1.1.269,3,가셔야지,가셔야지
DZJD20000788.1.1.269,3,영하다가,이러다가
DZJD20000788.1.1.270,3,거봉이,거봉이
DZJD20000788.1.1.270,3,좋다,좋다
DZJD20000788.1.1.270,3,난,난
DZJD20000788.1.1.270,3,거봉,거봉
DZJD20000788.1.1.270,3,좋아해,좋아해
DZJD20000788.1.1.270,3,아빠,아빠
DZJD20000788.1.1.270,3,영하다가,이러다가
DZJD20000788.1.1.270,3,그럼,그럼
DZJD20000788.1.1.270,3,그냥,그냥
DZJD20000788.1.1.270,3,그거,그거
DZJD20000788.1.1.270,3,집으라고하,집으라고하
DZJD20000788.1.1.271,3,내가,내가
DZJD20000788.1.1.271,3,지,지
DZJD20000788.1.1.271,3,나,나
DZJD20000788.1.1.271,3,거봉,거봉
DZJD20000788.1.1.271,3,좋아한다니까,좋아한다니까
DZJD20000788.1.1.271,3,그럼,그럼
DZJD20000788.1.1.271,3,그거,그거
DZJD20000788.1.1.271,3,집으랜,집으라고
DZJD20000788.1.1.271,3,하멍,하면서
DZJD20000788.1.1.272,2,둘이,둘이
DZJD20000788.1.1.272,2,입맛,입맛
DZJD20000788.1.1.272,2,비슷(하난)/(하니까),비슷(하난)/(하니까)
DZJD20000788.1.1.273,2,야,야
DZJD20000788.1.1.273,2,이거,이거
DZJD20000788.1.1.273,2,그,그
DZJD20000788.1.1.273,2,완전,완전
DZJD20000788.1.1.273,2,미국,미국
DZJD20000788.1.1.273,2,드라마에,드라마에
DZJD20000788.1.1.273,2,나오는,나오는
DZJD20000788.1.1.273,2,씨없이,씨없이
DZJD20000788.1.1.273,2,씹어먹는,씹어먹는
DZJD20000788.1.1.273,2,길쭉길쭉한,길쭉길쭉한
DZJD20000788.1.1.273,2,포도,포도
DZJD20000788.1.1.273,2,그건게,그건게
DZJD20000788.1.1.274,3,크림슨이?,크림슨이?
DZJD20000788.1.1.275,2,응,응
DZJD20000788.1.1.276,3,크림슨은,크림슨은
DZJD20000788.1.1.276,3,잘,잘
DZJD20000788.1.1.276,3,안,안
DZJD20000788.1.1.276,3,먹어져,먹어져
DZJD20000788.1.1.277,2,너,너
DZJD20000788.1.1.277,2,찾앙,찾아서
DZJD20000788.1.1.277,2,보라게,봐
DZJD20000788.1.1.278,1,음,음
DZJD20000788.1.1.278,1,(()),(())
DZJD20000788.1.1.279,1,고딴,고딴
DZJD20000788.1.1.279,1,말이나,말이나
DZJD20000788.1.1.279,1,골음서게,말하자
DZJD20000788.1.1.279,1,해보자,해보자
DZJD20000788.1.1.279,1,고,고
DZJD20000788.1.1.279,1,딱,딱
DZJD20000788.1.1.279,1,멈춰수과,멈췄네
DZJD20000788.1.1.280,3,말하면,말하면
DZJD20000788.1.1.281,1,너마씸,너
DZJD20000788.1.1.281,1,하,하
DZJD20000788.1.1.281,1,하,하
DZJD20000788.1.1.281,1,곱곱해,갑갑해
DZJD20000788.1.1.282,1,하,하
DZJD20000788.1.1.282,1,곱곱해,갑갑해
DZJD20000788.1.1.283,2,삼춘,삼촌
DZJD20000788.1.1.283,2,삼춘,삼촌
DZJD20000788.1.1.284,3,다,다
DZJD20000788.1.1.284,3,골아신디,말했는데
DZJD20000788.1.1.285,1,예,예
DZJD20000788.1.1.286,3,흐흐,흐흐
DZJD20000788.1.1.287,3,흠,흠
DZJD20000788.1.1.288,1,하,하
DZJD20000788.1.1.288,1,하,하
DZJD20000788.1.1.288,1,너무,너무
DZJD20000788.1.1.288,1,힘들어,힘들어
DZJD20000788.1.1.289,1,암튼,암튼
DZJD20000788.1.1.289,1,거,거
DZJD20000788.1.1.289,1,막,막
DZJD20000788.1.1.289,1,맛좋게,맛좋게
DZJD20000788.1.1.289,1,먹언,먹었어
DZJD20000788.1.1.289,1,이제,이제
DZJD20000788.1.1.289,1,호꼼,조금
DZJD20000788.1.1.289,1,남안,남았어
DZJD20000788.1.1.290,3,안,안
DZJD20000788.1.1.290,3,그래도,그래도
DZJD20000788.1.1.290,3,고모,고모
DZJD20000788.1.1.290,3,어제,어제
DZJD20000788.1.1.290,3,저녁엔가,저녁엔가
DZJD20000788.1.1.290,3,전화가,전화가
DZJD20000788.1.1.290,3,와가지고,와가지고
DZJD20000788.1.1.291,3,고도,고도
DZJD20000788.1.1.291,3,마셔라,마셔라
DZJD20000788.1.1.291,3,한송이는,한송이는
DZJD20000788.1.1.291,3,냄겨서,냄겨서
DZJD20000788.1.1.291,3,내일,내일
DZJD20000788.1.1.291,3,고모부,고모부
DZJD20000788.1.1.291,3,드리잰,드리자고
DZJD20000788.1.1.291,3,냄겼져요,냄겼져요
DZJD20000788.1.1.292,2,게,게
DZJD20000788.1.1.292,2,아침에,아침에
DZJD20000788.1.1.292,2,씻언,씻었어
DZJD20000788.1.1.293,2,상에,상에
DZJD20000788.1.1.293,2,내어신디,내었는데
DZJD20000788.1.1.294,2,아방,아버지
DZJD20000788.1.1.294,2,은,은
DZJD20000788.1.1.294,2,한,한
DZJD20000788.1.1.294,2,두세,두세
DZJD20000788.1.1.294,2,개,개
DZJD20000788.1.1.294,2,먹더니,먹더니
DZJD20000788.1.1.294,2,안,안
DZJD20000788.1.1.294,2,먹엄서,먹어
DZJD20000788.1.1.295,2,아방,아버지
DZJD20000788.1.1.295,2,먹업서게,드세요
DZJD20000788.1.1.295,2,어멍,어머니
DZJD20000788.1.1.295,2,아방,아버지
DZJD20000788.1.1.295,2,먹으라고,먹으라고
DZJD20000788.1.1.295,2,호꼼,조금
DZJD20000788.1.1.295,2,냄겨수게,남겼어요
DZJD20000788.1.1.296,2,아빤,아빤
DZJD20000788.1.1.296,2,포도,포도
DZJD20000788.1.1.296,2,별로,별로
DZJD20000788.1.1.296,2,안,안
DZJD20000788.1.1.296,2,좋아해,좋아해
DZJD20000788.1.1.296,2,{laughing},{laughing}
DZJD20000788.1.1.297,2,{laughing},{laughing}
DZJD20000788.1.1.298,1,오케이,오케이
DZJD20000788.1.1.298,1,맨,맨
DZJD20000788.1.1.299,3,오케이,오케이
DZJD20000788.1.1.299,3,맨,맨
DZJD20000788.1.1.300,2,대박,대박
DZJD20000788.1.1.300,2,웃겨,웃겨
DZJD20000788.1.1.300,2,아,아
DZJD20000788.1.1.301,3,아,아
DZJD20000788.1.1.302,3,블랙,블랙
DZJD20000788.1.1.302,3,사파이어가,사파이어가
DZJD20000788.1.1.302,3,씨없는,씨없는
DZJD20000788.1.1.302,3,포도구나,포도구나
DZJD20000788.1.1.303,1,어,어
DZJD20000788.1.1.304,3,블랙,블랙
DZJD20000788.1.1.304,3,사파이어,사파이어
DZJD20000788.1.1.304,3,블랙,블랙
DZJD20000788.1.1.304,3,사파잉어도,사파잉어도
DZJD20000788.1.1.304,3,이선게,있었는데
DZJD20000788.1.1.304,3,만은,만은
DZJD20000788.1.1.305,1,알안,알겠어
DZJD20000788.1.1.305,1,너,너
DZJD20000788.1.1.305,1,그만,그만
DZJD20000788.1.1.305,1,찾아봐,찾아봐
DZJD20000788.1.1.305,1,너,너
DZJD20000788.1.1.305,1,찾으면,찾으면
DZJD20000788.1.1.305,1,멀티가,멀티가
DZJD20000788.1.1.305,1,안,안
DZJD20000788.1.1.305,1,됑,되어서
DZJD20000788.1.1.305,1,말을,말을
DZJD20000788.1.1.305,1,안,안
DZJD20000788.1.1.305,1,하네,하잖아
DZJD20000788.1.1.305,1,말이라도,말이라도
DZJD20000788.1.1.305,1,하멍,하면서
DZJD20000788.1.1.305,1,찾아지면,찾아지면
DZJD20000788.1.1.305,1,모르크라,모르지만
DZJD20000788.1.1.306,1,뭔,뭔
DZJD20000788.1.1.306,1,찾는,찾는
DZJD20000788.1.1.306,1,동안,동안
DZJD20000788.1.1.306,1,말도,말도
DZJD20000788.1.1.306,1,아무,아무
DZJD20000788.1.1.306,1,말도,말도
DZJD20000788.1.1.306,1,안,안
DZJD20000788.1.1.306,1,해,해
DZJD20000788.1.1.306,1,고를거냐,말하냐
DZJD20000788.1.1.307,3,겹치지,겹치지
DZJD20000788.1.1.307,3,말랜,마라고
DZJD20000788.1.1.307,3,해염수게,했어
DZJD20000788.1.1.308,1,겹치는,겹치는
DZJD20000788.1.1.308,1,걸,걸
DZJD20000788.1.1.308,1,떠나서,떠나서
DZJD20000788.1.1.308,1,말을,말을
DZJD20000788.1.1.308,1,안,안
DZJD20000788.1.1.308,1,해영이께,하니까
DZJD20000788.1.1.309,3,겡,그냥
DZJD20000788.1.1.309,3,기다리는거게,기다리는거지
DZJD20000788.1.1.310,1,게민,그러면
DZJD20000788.1.1.310,1,골읍서,말해라
DZJD20000788.1.1.310,1,말,말
DZJD20000788.1.1.310,1,아니,아니
DZJD20000788.1.1.310,1,골으카멘,말할테니
DZJD20000788.1.1.311,3,다,다
DZJD20000788.1.1.311,3,골았수다게,말했어
DZJD20000788.1.1.311,3,{laughing},{laughing}
DZJD20000788.1.1.312,1,뭘,뭘
DZJD20000788.1.1.312,1,골읍데과,말했냐
DZJD20000788.1.1.313,3,씨,씨
DZJD20000788.1.1.313,3,없는,없는
DZJD20000788.1.1.313,3,포도가,포도가
DZJD20000788.1.1.313,3,아까,아까
DZJD20000788.1.1.313,3,뭐,뭐
DZJD20000788.1.1.313,3,이름도,이름도
DZJD20000788.1.1.313,3,까먹었다,까먹었다
DZJD20000788.1.1.314,3,또,또
DZJD20000788.1.1.314,3,까먹었어,까먹었어
DZJD20000788.1.1.314,3,진짜,진짜
DZJD20000788.1.1.315,1,크림스,크림스
DZJD20000788.1.1.315,1,크림슨도,크림슨도
DZJD20000788.1.1.315,1,씨(없잰)/(없어),씨(없잰)/(없어)
DZJD20000788.1.1.316,3,아니,아니
DZJD20000788.1.1.316,3,아,아
DZJD20000788.1.1.316,3,저,저
DZJD20000788.1.1.316,3,블랙,블랙
DZJD20000788.1.1.316,3,사파이어,사파이어
DZJD20000788.1.1.317,1,야,야
DZJD20000788.1.1.317,1,그거는,그거는
DZJD20000788.1.1.317,1,도서관이,도서관이
DZJD20000788.1.1.318,3,아니,아니
DZJD20000788.1.1.318,3,아까,아까
DZJD20000788.1.1.318,3,골았수게,말했어
DZJD20000788.1.1.318,3,씨,씨
DZJD20000788.1.1.318,3,없는,없는
DZJD20000788.1.1.318,3,포도,포도
DZJD20000788.1.1.318,3,블랙사파이어,블랙사파이어
DZJD20000788.1.1.319,3,알아서,알았어
DZJD20000788.1.1.319,3,알아서,알았어
DZJD20000788.1.1.320,2,크렘벨?,크렘벨?
DZJD20000788.1.1.321,1,크림슨,크림슨
DZJD20000788.1.1.321,1,{laughing},{laughing}
DZJD20000788.1.1.322,1,이사람들,이사람들
DZJD20000788.1.1.322,1,호꼼이,조금
DZJD20000788.1.1.322,1,말을,말을
DZJD20000788.1.1.322,1,골읍기하면서,말하라면서
DZJD20000788.1.1.322,1,귓구멍을,귓구멍을
DZJD20000788.1.1.322,1,닫읍서,닫앙
DZJD20000788.1.1.323,2,우리가,우리가
DZJD20000788.1.1.323,2,원래,원래
DZJD20000788.1.1.323,2,스타일이,스타일이
DZJD20000788.1.1.323,2,잘,잘
DZJD20000788.1.1.323,2,안,안
DZJD20000788.1.1.324,2,잘,잘
DZJD20000788.1.1.324,2,안,안
DZJD20000788.1.1.324,2,듣잖아,듣잖아
DZJD20000788.1.1.325,1,지금은,지금은
DZJD20000788.1.1.325,1,들어야,들어야
DZJD20000788.1.1.325,1,되는,되는
DZJD20000788.1.1.325,1,시간,시간
DZJD20000788.1.1.325,1,아니꽈,아냐
DZJD20000788.1.1.326,1,들을,들을
DZJD20000788.1.1.326,1,시간은,시간은
DZJD20000788.1.1.326,1,않고,않고
DZJD20000788.1.1.326,1,듣고,듣고
DZJD20000788.1.1.326,1,아니,아니
DZJD20000788.1.1.326,1,들어도,들어도
DZJD20000788.1.1.326,1,될,될
DZJD20000788.1.1.326,1,땐,땐
DZJD20000788.1.1.327,1,이건,이건
DZJD20000788.1.1.327,1,잘도,잘도
DZJD20000788.1.1.327,1,야,야
DZJD20000788.1.1.328,1,손가락(추록)/(처럼),손가락(추록)/(처럼)
DZJD20000788.1.1.328,1,생겼져,생겼져
DZJD20000788.1.1.328,1,이,이
DZJD20000788.1.1.328,1,사파이어는,사파이어는
DZJD20000788.1.1.329,1,이게,이게
DZJD20000788.1.1.329,1,좀,좀
DZJD20000788.1.1.329,1,징그럽다,징그럽다
DZJD20000788.1.1.330,3,길쭉한,길쭉한
DZJD20000788.1.1.330,3,포도,포도
DZJD20000788.1.1.331,1,왜,왜
DZJD20000788.1.1.332,2,아휴,아휴
DZJD20000788.1.1.333,2,뭐했제,뭐했다고
DZJD20000788.1.1.333,2,이제,이제
DZJD20000788.1.1.333,2,십,십
DZJD20000788.1.1.333,2,이,이
DZJD20000788.1.1.333,2,월,월
DZJD20000788.1.1.333,2,한,한
DZJD20000788.1.1.333,2,달,달
DZJD20000788.1.1.333,2,남안,남았지
DZJD20000788.1.1.334,2,어,어
DZJD20000788.1.1.335,1,남은,남은
DZJD20000788.1.1.335,1,한달은,한달은
DZJD20000788.1.1.335,1,어떵,어떻게
DZJD20000788.1.1.335,1,보냉,보내면서
DZJD20000788.1.1.335,1,살건고,살건고
DZJD20000788.1.1.336,3,남은,남은
DZJD20000788.1.1.336,3,한달,한달
DZJD20000788.1.1.336,3,은,은
DZJD20000788.1.1.336,3,진짜,진짜
DZJD20000788.1.1.337,1,한달의,한달의
DZJD20000788.1.1.337,1,절반은,절반은
DZJD20000788.1.1.337,1,집에,집에
DZJD20000788.1.1.337,1,있어야지,있어야지
DZJD20000788.1.1.337,1,않니,않니
DZJD20000788.1.1.338,2,아휴,아휴
DZJD20000788.1.1.338,2,절반만(이우꽈)/(이냐),절반만(이우꽈)/(이냐)
DZJD20000788.1.1.339,1,하,하
DZJD20000788.1.1.339,1,일,일
DZJD20000788.1.1.339,1,월까지는,월까지는
DZJD20000788.1.1.339,1,집에서,집에서
DZJD20000788.1.1.339,1,사주,사주
DZJD20000788.1.1.340,2,그,그
DZJD20000788.1.1.340,2,자락,만큼
DZJD20000788.1.1.340,2,오래,오래
DZJD20000788.1.1.340,2,이시맨,있냐
DZJD20000788.1.1.341,1,육주랜,육주랜
DZJD20000788.1.1.341,1,육주,육주
DZJD20000788.1.1.342,2,엄청,엄청
DZJD20000788.1.1.342,2,크게,크게
DZJD20000788.1.1.342,2,다치셨네,다치셨네
DZJD20000788.1.1.343,1,육,육
DZJD20000788.1.1.343,1,주하고,주하고
DZJD20000788.1.1.343,1,뭐,뭐
DZJD20000788.1.1.344,1,그,그
DZJD20000788.1.1.344,1,기브스한,기브스한
DZJD20000788.1.1.344,1,기간보다,기간보다
DZJD20000788.1.1.344,1,물리치료하는,물리치료하는
DZJD20000788.1.1.344,1,기간이,기간이
DZJD20000788.1.1.344,1,더,더
DZJD20000788.1.1.344,1,길다던데,길다던데
DZJD20000788.1.1.345,2,경하네,그렇네
DZJD20000788.1.1.345,2,총,총
DZJD20000788.1.1.346,2,거치죠,거치죠
DZJD20000788.1.1.347,1,아마,아마
DZJD20000788.1.1.347,1,내가,내가
DZJD20000788.1.1.347,1,아무,아무
DZJD20000788.1.1.347,1,일,일
DZJD20000788.1.1.347,1,없이,없이
DZJD20000788.1.1.347,1,집에,집에
DZJD20000788.1.1.347,1,있으니까,있으니까
DZJD20000788.1.1.347,1,다행이긴,다행이긴
DZJD20000788.1.1.347,1,한데,한데
DZJD20000788.1.1.348,1,그거,그거
DZJD20000788.1.1.348,1,안,안
DZJD20000788.1.1.348,1,일어나시면,일어났으면
DZJD20000788.1.1.348,1,아이,아이
DZJD20000788.1.1.348,1,원,원
DZJD20000788.1.1.349,1,여러사람,여러사람
DZJD20000788.1.1.349,1,힘들,힘들
DZJD20000788.1.1.349,1,뻔,뻔
DZJD20000788.1.1.349,1,하여서,했어
DZJD20000788.1.1.350,2,진짜,진짜
DZJD20000788.1.1.350,2,((xxx)),((xxx))
DZJD20000788.1.1.351,2,경허영,그러면서
DZJD20000788.1.1.351,2,쉬다,쉬다
DZJD20000788.1.1.351,2,나는,나는
DZJD20000788.1.1.352,1,겐,겐
DZJD20000788.1.1.352,1,나,나
DZJD20000788.1.1.352,1,바빤,바빴어
DZJD20000788.1.1.353,1,계속,계속
DZJD20000788.1.1.353,1,연락,연락
DZJD20000788.1.1.353,1,잘,잘
DZJD20000788.1.1.353,1,안될거라,안될거라
DZJD20000788.1.1.354,1,할말,할말
DZJD20000788.1.1.354,1,이시면,있으면
DZJD20000788.1.1.355,1,냄겨놔,남겨놔
DZJD20000788.1.1.355,1,나,나
DZJD20000788.1.1.355,1,확인은,확인은
DZJD20000788.1.1.355,1,하맨,해
DZJD20000788.1.1.356,1,답장은,답장은
DZJD20000788.1.1.356,1,느려도,느려도
DZJD20000788.1.1.357,3,번역에,번역에
DZJD20000788.1.1.357,3,빠지잖아,빠지잖아
DZJD20000788.1.1.358,2,화요일날,화요일날
DZJD20000788.1.1.358,2,연락해야지,연락해야지
DZJD20000788.1.1.359,1,그런데,그런데
DZJD20000788.1.1.359,1,화요일도,화요일도
DZJD20000788.1.1.359,1,사실,사실
DZJD20000788.1.1.359,1,어떻게,어떻게
DZJD20000788.1.1.359,1,될지,될지
DZJD20000788.1.1.359,1,모르겐,모르겠어
DZJD20000788.1.1.359,1,내일은,내일은
DZJD20000788.1.1.359,1,미리,미리
DZJD20000788.1.1.359,1,말해놔서,말해놔서
DZJD20000788.1.1.359,1,빼긴,빼긴
DZJD20000788.1.1.359,1,했는데,했는데
DZJD20000788.1.1.360,1,아빠한테만,아빠한테만
DZJD20000788.1.1.360,1,다,다
DZJD20000788.1.1.360,1,맡기고,맡기고
DZJD20000788.1.1.360,1,나갈,나갈
DZJD20000788.1.1.360,1,수도,수도
DZJD20000788.1.1.360,1,없는,없는
DZJD20000788.1.1.360,1,노릇이고,노릇이고
DZJD20000788.1.1.361,1,그니까,그니까
DZJD20000788.1.1.361,1,아,아
DZJD20000788.1.1.362,2,우리가,우리가
DZJD20000788.1.1.362,2,갈클,갈게
DZJD20000788.1.1.363,2,고모집에,고모집에
DZJD20000788.1.1.363,2,우리가,우리가
DZJD20000788.1.1.363,2,갈클,갈게
DZJD20000788.1.1.363,2,어때,어때
DZJD20000788.1.1.363,2,((xx)),((xx))
DZJD20000788.1.1.364,2,((xxxxx)),((xxxxx))
DZJD20000788.1.1.365,2,네,네
DZJD20000788.1.1.366,1,그,그
DZJD20000788.1.1.366,1,우리,우리
DZJD20000788.1.1.366,1,일,일
DZJD20000788.1.1.366,1,갈클,갈게
DZJD20000788.1.1.367,1,쳐박,쳐박
DZJD20000788.1.1.367,1,쳐박혀,쳐박혀
DZJD20000788.1.1.367,1,있을게,있을게
DZJD20000788.1.1.368,1,아니다,아니다
DZJD20000788.1.1.369,1,엄마,엄마
DZJD20000788.1.1.369,1,원래,원래
DZJD20000788.1.1.369,1,집에,집에
DZJD20000788.1.1.369,1,사람,사람
DZJD20000788.1.1.369,1,오는,오는
DZJD20000788.1.1.369,1,거,거
DZJD20000788.1.1.369,1,자체를,자체를
DZJD20000788.1.1.369,1,별로,별로
DZJD20000788.1.1.369,1,안,안
DZJD20000788.1.1.369,1,좋아(핸)/(했어),좋아(핸)/(했어)
DZJD20000788.1.1.370,2,이층에,이층에
DZJD20000788.1.1.370,2,가,가
DZJD20000788.1.1.370,2,있을게,있을게
DZJD20000788.1.1.371,1,몰라,몰라
DZJD20000788.1.1.371,1,오지,오지
DZJD20000788.1.1.371,1,마,마
DZJD20000788.1.1.371,1,다,다
DZJD20000788.1.1.371,1,오지,오지
DZJD20000788.1.1.371,1,마,마
DZJD20000788.1.1.371,1,아무도,아무도
DZJD20000788.1.1.371,1,오지,오지
DZJD20000788.1.1.371,1,마,마
DZJD20000788.1.1.372,1,오지마,오지마
DZJD20000788.1.1.373,1,근데,근데
DZJD20000788.1.1.373,1,말했잖아,말했잖아
DZJD20000788.1.1.374,1,그래서,그래서
DZJD20000788.1.1.374,1,난,난
DZJD20000788.1.1.374,1,큰,큰
DZJD20000788.1.1.374,1,집을,집을
DZJD20000788.1.1.374,1,원한다,원한다
DZJD20000788.1.1.375,1,아이,아이
DZJD20000788.1.1.375,1,원트,원트
DZJD20000788.1.1.375,1,빅,빅
DZJD20000788.1.1.375,1,하우스,하우스
DZJD20000788.1.1.375,1,빅하우스,빅하우스
DZJD20000788.1.1.376,2,아이,아이
DZJD20000788.1.1.376,2,노우댓,노우댓
DZJD20000788.1.1.377,1,내,내
DZJD20000788.1.1.377,1,방,방
DZJD20000788.1.1.377,1,하나는,하나는
DZJD20000788.1.1.377,1,있지,있지
DZJD20000788.1.1.378,2,어,어
DZJD20000788.1.1.378,2,어,어
DZJD20000788.1.1.379,1,고맙다,고맙다
DZJD20000788.1.1.380,1,집,집
DZJD20000788.1.1.380,1,지을,지을
DZJD20000788.1.1.380,1,때,때
DZJD20000788.1.1.380,1,얘기,얘기
DZJD20000788.1.1.380,1,할게,할게
DZJD20000788.1.1.380,1,투자좀해,투자좀해
DZJD20000788.1.1.381,2,그정도,그정도
DZJD20000788.1.1.381,2,투자,투자
DZJD20000788.1.1.381,2,할,할
DZJD20000788.1.1.381,2,수,수
DZJD20000788.1.1.381,2,있지,있지
DZJD20000788.1.1.381,2,언니,언니
DZJD20000788.1.1.382,2,얼마가,얼마가
DZJD20000788.1.1.382,2,나오려나,나오려나
DZJD20000788.1.1.383,1,그정도,그정도
DZJD20000788.1.1.383,1,투자는,투자는
DZJD20000788.1.1.383,1,해줘,해줘
DZJD20000788.1.1.384,2,아유,아유
DZJD20000788.1.1.384,2,겐디,그런데
DZJD20000788.1.1.384,2,막,막
DZJD20000788.1.1.384,2,아휴,아휴
DZJD20000788.1.1.385,1,먼,먼
DZJD20000788.1.1.385,1,얘기여,얘기여
DZJD20000788.1.1.385,1,먼,먼
DZJD20000788.1.1.385,1,얘기라,얘기라
DZJD20000788.1.1.386,1,아직,아직
DZJD20000788.1.1.386,1,그때까지,그때까지
DZJD20000788.1.1.386,1,가져가야민언,가져가야민언
DZJD20000788.1.1.387,1,뭐람,뭐람
DZJD20000788.1.1.388,3,그러려면,그러려면
DZJD20000788.1.1.388,3,건강해야지,건강해야지
DZJD20000788.1.1.389,1,거의,거의
DZJD20000788.1.1.389,1,뭐,뭐
DZJD20000788.1.1.390,1,게난,그러니까
DZJD20000788.1.1.390,1,언니,언니
DZJD20000788.1.1.391,2,만나면,만나면
DZJD20000788.1.1.391,2,좀,좀
DZJD20000788.1.1.391,2,혼내야(될클)/(되겠어),혼내야(될클)/(되겠어)
DZJD20000788.1.1.392,2,말,말
DZJD20000788.1.1.392,2,너네끼리,너네끼리
DZJD20000788.1.1.392,2,만나,만나
DZJD20000788.1.1.393,2,{laughing},{laughing}
DZJD20000788.1.1.394,3,오늘은,오늘은
DZJD20000788.1.1.394,3,탑,탑
DZJD20000788.1.1.394,3,픽을,픽을
DZJD20000788.1.1.394,3,리마인드시킨,리마인드시킨
DZJD20000788.1.1.394,3,거다,거다
DZJD20000788.1.1.394,3,리마인드,리마인드
DZJD20000788.1.1.395,1,아니,아니
DZJD20000788.1.1.395,1,이거,이거
DZJD20000788.1.1.395,1,완전,완전
DZJD20000788.1.1.395,1,그때,그때
DZJD20000788.1.1.395,1,그거네,그거네
DZJD20000788.1.1.395,1,그,그
DZJD20000788.1.1.395,1,똥얘기할때,똥얘기할때
DZJD20000788.1.1.396,1,게난,그러니까
DZJD20000788.1.1.396,1,결국,결국
DZJD20000788.1.1.396,1,그거,그거
DZJD20000788.1.1.396,1,먹으면,먹으면
DZJD20000788.1.1.396,1,똥,똥
DZJD20000788.1.1.396,1,잘나온단,잘나온단
DZJD20000788.1.1.396,1,말,말
DZJD20000788.1.1.396,1,아니라,아니라
DZJD20000788.1.1.397,1,한시간,한시간
DZJD20000788.1.1.397,1,반,반
DZJD20000788.1.1.397,1,내내,내내
DZJD20000788.1.1.397,1,처음,처음
DZJD20000788.1.1.397,1,막,막
DZJD20000788.1.1.398,1,수미상관,수미상관
DZJD20000788.1.1.398,1,수미상관,수미상관
DZJD20000788.1.1.398,1,시작할때,시작할때
DZJD20000788.1.1.398,1,똥,똥
DZJD20000788.1.1.398,1,얘기,얘기
DZJD20000788.1.1.399,2,똥얘기,똥얘기
DZJD20000788.1.1.399,2,오늘은,오늘은
DZJD20000788.1.1.399,2,시작할,시작할
DZJD20000788.1.1.399,2,때,때
DZJD20000788.1.1.399,2,건강,건강
DZJD20000788.1.1.399,2,얘기도,얘기도
DZJD20000788.1.1.399,2,안,안
DZJD20000788.1.1.399,2,했는데,했는데
DZJD20000788.1.1.399,2,너네,너네
DZJD20000788.1.1.399,2,건강얘기,건강얘기
DZJD20000788.1.1.399,2,뭐했나,뭐했나
DZJD20000788.1.1.400,3,유산균,유산균
DZJD20000788.1.1.401,2,아,아
DZJD20000788.1.1.401,2,무슨,무슨
DZJD20000788.1.1.401,2,시작할,시작할
DZJD20000788.1.1.401,2,때,때
DZJD20000788.1.1.401,2,유산균,유산균
DZJD20000788.1.1.401,2,얘기했대간게,얘기했대간게
DZJD20000788.1.1.401,2,그것도,그것도
DZJD20000788.1.1.401,2,시작해,시작해
DZJD20000788.1.1.401,2,호꼼,조금
DZJD20000788.1.1.401,2,이시난,있으니까
DZJD20000788.1.1.401,2,골았쥬,말했지
DZJD20000788.1.1.402,1,생일선물,생일선물
DZJD20000788.1.1.402,1,얘기하다가,얘기하다가
DZJD20000788.1.1.403,2,아니지,아니지
DZJD20000788.1.1.403,2,그,그
DZJD20000788.1.1.403,2,전에,전에
DZJD20000788.1.1.403,2,왜,왜
DZJD20000788.1.1.403,2,이렇게,이렇게
DZJD20000788.1.1.403,2,바쁘냐,바쁘냐
DZJD20000788.1.1.403,2,먼저,먼저
DZJD20000788.1.1.403,2,했잖아,했잖아
DZJD20000788.1.1.404,1,아,아
DZJD20000788.1.1.404,1,그치그치그치,그치그치그치
DZJD20000788.1.1.405,1,근황을,근황을
DZJD20000788.1.1.405,1,물어본건,물어본건
DZJD20000788.1.1.405,1,근황,근황
DZJD20000788.1.1.406,1,근황을,근황을
DZJD20000788.1.1.406,1,물어봐야,물어봐야
DZJD20000788.1.1.406,1,(()),(())
DZJD20000788.1.1.407,1,미리미리,미리미리
DZJD20000788.1.1.407,1,물어보는,물어보는
DZJD20000788.1.1.407,1,거고,거고
DZJD20000788.1.1.408,3,나가,내가
DZJD20000788.1.1.408,3,보낸,보낸
DZJD20000788.1.1.408,3,그초콜렛,그초콜렛
DZJD20000788.1.1.408,3,초콜렛밖에,초콜렛밖에
DZJD20000788.1.1.408,3,안,안
DZJD20000788.1.1.408,3,들언,들었어?
DZJD20000788.1.1.409,1,아니,아니
DZJD20000788.1.1.409,1,그건이,그건
DZJD20000788.1.1.410,1,이신디,있는데
DZJD20000788.1.1.411,1,답장하기,답장하기
DZJD20000788.1.1.411,1,귀찮안,귀찮았어
DZJD20000788.1.1.412,1,야,야
DZJD20000788.1.1.412,1,근데,근데
DZJD20000788.1.1.412,1,것도,것도
DZJD20000788.1.1.412,1,사진으로,사진으로
DZJD20000788.1.1.412,1,보면,보면
DZJD20000788.1.1.412,1,재량,재량
DZJD20000788.1.1.412,1,커,커
DZJD20000788.1.1.412,1,보이네,보이네
DZJD20000788.1.1.413,3,아니,아니
DZJD20000788.1.1.413,3,막,막
DZJD20000788.1.1.413,3,안,안
DZJD20000788.1.1.413,3,커,커
DZJD20000788.1.1.413,3,보이던데,보이던데
DZJD20000788.1.1.414,1,아,아
DZJD20000788.1.1.414,1,기,그래
DZJD20000788.1.1.415,1,아니,아니
DZJD20000788.1.1.415,1,그에서,그에서
DZJD20000788.1.1.415,1,그,그
DZJD20000788.1.1.415,1,상품설명,상품설명
DZJD20000788.1.1.415,1,사진,사진
DZJD20000788.1.1.416,3,아,아
DZJD20000788.1.1.416,3,어,어
DZJD20000788.1.1.417,3,좀,좀
DZJD20000788.1.1.418,1,막상,막상
DZJD20000788.1.1.418,1,받아보난,받아보니까
DZJD20000788.1.1.419,1,요시가,요시가
DZJD20000788.1.1.420,3,막,막
DZJD20000788.1.1.420,3,작아,작아
DZJD20000788.1.1.420,3,보이진,보이진
DZJD20000788.1.1.420,3,않지,않지
DZJD20000788.1.1.421,1,그런데,그런데
DZJD20000788.1.1.421,1,막상,막상
DZJD20000788.1.1.421,1,받아보난,받아보니까
DZJD20000788.1.1.421,1,생각보다,생각보다
DZJD20000788.1.1.421,1,잘도,잘도
DZJD20000788.1.1.421,1,(()),(())
DZJD20000788.1.1.422,3,반어법이라,반어법이라
DZJD20000788.1.1.422,3,{laughing},{laughing}
DZJD20000788.1.1.423,1,아,아
DZJD20000788.1.1.423,1,사람들이,사람들이
DZJD20000788.1.1.423,1,헐,헐
DZJD20000788.1.1.423,1,어머,어머
DZJD20000788.1.1.423,1,어머,어머
DZJD20000788.1.1.423,1,아이고,아이고
DZJD20000788.1.1.423,1,그랬구나,그랬구나
DZJD20000788.1.1.424,1,안,안
DZJD20000788.1.1.424,1,돼,돼
DZJD20000788.1.1.424,1,어,어
DZJD20000788.1.1.425,1,조금만,조금만
DZJD20000788.1.1.425,1,조금만,조금만
DZJD20000788.1.1.425,1,말,말
DZJD20000788.1.1.425,1,잘도,잘도
DZJD20000788.1.1.425,1,쪼끄만,쪼끄만
DZJD20000788.1.1.425,1,게,게
DZJD20000788.1.1.426,1,진짜,진짜
DZJD20000788.1.1.426,1,한,한
DZJD20000788.1.1.426,1,번에,번에
DZJD20000788.1.1.426,1,딱,딱
DZJD20000788.1.1.427,1,이렇게,이렇게
DZJD20000788.1.1.427,1,털어,털어
DZJD20000788.1.1.427,1,넣을,넣을
DZJD20000788.1.1.427,1,정도,정도
DZJD20000788.1.1.428,2,미안한데,미안한데
DZJD20000788.1.1.428,2,누구랑,누구랑
DZJD20000788.1.1.428,2,얘기하는,얘기하는
DZJD20000788.1.1.428,2,거,거
DZJD20000788.1.1.428,2,혼자,혼자
DZJD20000788.1.1.428,2,혼자,혼자
DZJD20000788.1.1.428,2,일,일
DZJD20000788.1.1.428,2,인,인
DZJD20000788.1.1.428,2,이역,이역
DZJD20000788.1.1.428,2,하맨,하냐
DZJD20000788.1.1.429,1,아니,아니
DZJD20000788.1.1.429,1,나,나
DZJD20000788.1.1.429,1,&name2&가,&name2&가
DZJD20000788.1.1.429,1,요번에,요번에
DZJD20000788.1.1.429,1,시험,시험
DZJD20000788.1.1.429,1,본다고,본다고
DZJD20000788.1.1.429,1,그,그
DZJD20000788.1.1.430,1,카카오톡으로,카카오톡으로
DZJD20000788.1.1.430,1,선물을,선물을
DZJD20000788.1.1.430,1,보냈어,보냈어
DZJD20000788.1.1.431,1,그,그
DZJD20000788.1.1.432,1,엄청,엄청
DZJD20000788.1.1.432,1,고급진,고급진
DZJD20000788.1.1.432,1,진짜,진짜
DZJD20000788.1.1.432,1,고급져,고급져
DZJD20000788.1.1.432,1,패키지가,패키지가
DZJD20000788.1.1.432,1,진짜,진짜
DZJD20000788.1.1.432,1,고급져,고급져
DZJD20000788.1.1.433,1,진짜한,진짜한
DZJD20000788.1.1.433,1,청심환,청심환
DZJD20000788.1.1.433,1,스무,스무
DZJD20000788.1.1.433,1,개,개
DZJD20000788.1.1.433,1,들어있는,들어있는
DZJD20000788.1.1.433,1,느낌인데,느낌인데
DZJD20000788.1.1.434,3,녹용,녹용
DZJD20000788.1.1.434,3,녹용,녹용
DZJD20000788.1.1.434,3,같은,같은
DZJD20000788.1.1.434,3,거고,거고
DZJD20000788.1.1.435,1,하리보,하리보
DZJD20000788.1.1.435,1,세,세
DZJD20000788.1.1.435,1,개,개
DZJD20000788.1.1.435,1,들어있는,들어있는
DZJD20000788.1.1.435,1,느낌,느낌
DZJD20000788.1.1.435,1,하리보,하리보
DZJD20000788.1.1.435,1,세,세
DZJD20000788.1.1.435,1,개,개
DZJD20000788.1.1.436,1,엠앤엠,엠앤엠
DZJD20000788.1.1.436,1,다섯개,다섯개
DZJD20000788.1.1.436,1,뭔말인지,뭔말인지
DZJD20000788.1.1.436,1,알겠지,알겠지
DZJD20000788.1.1.437,1,이렇게,이렇게
DZJD20000788.1.1.437,1,먹으면,먹으면
DZJD20000788.1.1.437,1,끝나,끝나
DZJD20000788.1.1.438,1,우와,우와
DZJD20000788.1.1.438,1,완전,완전
DZJD20000788.1.1.438,1,상술,상술
DZJD20000788.1.1.438,1,별사탕,별사탕
DZJD20000788.1.1.438,1,다섯,다섯
DZJD20000788.1.1.438,1,개,개
DZJD20000788.1.1.439,1,그,그
DZJD20000788.1.1.439,1,해리포터,해리포터
DZJD20000788.1.1.439,1,오만,오만
DZJD20000788.1.1.439,1,가지만,가지만
DZJD20000788.1.1.439,1,젤리,젤리
DZJD20000788.1.1.439,1,모양은,모양은
DZJD20000788.1.1.439,1,네,네
DZJD20000788.1.1.439,1,개,개
DZJD20000788.1.1.439,1,막,막
DZJD20000788.1.1.439,1,이런,이런
DZJD20000788.1.1.439,1,느낌,느낌
DZJD20000788.1.1.440,2,얼마,얼마
DZJD20000788.1.1.440,2,줬어,줬어
DZJD20000788.1.1.441,3,만,만
DZJD20000788.1.1.441,3,육천,육천
DZJD20000788.1.1.441,3,원인가,원인가
DZJD20000788.1.1.441,3,만,만
DZJD20000788.1.1.441,3,칠천,칠천
DZJD20000788.1.1.441,3,원,원
DZJD20000788.1.1.441,3,준,준
DZJD20000788.1.1.441,3,것,것
DZJD20000788.1.1.441,3,같았는데,같았는데
DZJD20000788.1.1.442,1,포장은,포장은
DZJD20000788.1.1.442,1,진짜,진짜
DZJD20000788.1.1.442,1,고급지거든,고급지거든
DZJD20000788.1.1.443,2,음,음
DZJD20000788.1.1.443,2,내용물이,내용물이
DZJD20000788.1.1.444,1,내용물은,내용물은
DZJD20000788.1.1.444,1,정말,정말
DZJD20000788.1.1.445,1,야,야
DZJD20000788.1.1.445,1,과대포장이다,과대포장이다
DZJD20000788.1.1.445,1,싶을,싶을
DZJD20000788.1.1.445,1,만큼,만큼
DZJD20000788.1.1.446,2,&name2&꺼,&name2&꺼
DZJD20000788.1.1.446,2,근데,근데
DZJD20000788.1.1.447,2,올해,올해
DZJD20000788.1.1.447,2,챙겨줘부런,챙겨줘서
DZJD20000788.1.1.447,2,내년에,내년에
DZJD20000788.1.1.447,2,챙겨줘야,챙겨줘야
DZJD20000788.1.1.447,2,돼,돼
DZJD20000788.1.1.448,1,아니,아니
DZJD20000788.1.1.448,1,자인,쟤
DZJD20000788.1.1.448,1,유월달에,유월달에
DZJD20000788.1.1.448,1,자기,자기
DZJD20000788.1.1.448,1,선물,선물
DZJD20000788.1.1.448,1,받아야,받아야
DZJD20000788.1.1.448,1,되거든,되거든
DZJD20000788.1.1.449,3,맞아,맞아
DZJD20000788.1.1.450,3,난,난
DZJD20000788.1.1.450,3,내,내
DZJD20000788.1.1.450,3,선물땜에준거야,선물땜에준거야
DZJD20000788.1.1.450,3,난,난
DZJD20000788.1.1.450,3,색깔,색깔
DZJD20000788.1.1.450,3,찹쌀떡,찹쌀떡
DZJD20000788.1.1.450,3,받아야,받아야
DZJD20000788.1.1.450,3,되거든,되거든
DZJD20000788.1.1.451,2,{laughing},{laughing}
DZJD20000788.1.1.452,1,나,나
DZJD20000788.1.1.452,1,정말,정말
DZJD20000788.1.1.453,1,정말,정말
DZJD20000788.1.1.453,1,자신의,자신의
DZJD20000788.1.1.453,1,이익을,이익을
DZJD20000788.1.1.453,1,위해서,위해서
DZJD20000788.1.1.454,1,아주,아주
DZJD20000788.1.1.455,3,만칠천원인게,만칠천원인게
DZJD20000788.1.1.455,3,만,만
DZJD20000788.1.1.455,3,칠천,칠천
DZJD20000788.1.1.455,3,원,원
DZJD20000788.1.1.456,1,안찾아봐도(댐수게가)/(돼),안찾아봐도(댐수게가)/(돼)
DZJD20000788.1.1.456,1,너,너
DZJD20000788.1.1.456,1,핸드폰,핸드폰
DZJD20000788.1.1.456,1,내립서,내려
DZJD20000788.1.1.456,1,저,저
DZJD20000788.1.1.456,1,멀티,멀티
DZJD20000788.1.1.456,1,안되는,안되는
DZJD20000788.1.1.456,1,아이가,아이가
DZJD20000788.1.1.457,2,또,또
DZJD20000788.1.1.457,2,보난,보니까
DZJD20000788.1.1.458,1,궁금할,궁금할
DZJD20000788.1.1.458,1,것도,것도
DZJD20000788.1.1.458,1,하죠,하죠
DZJD20000788.1.1.458,1,평소에,평소에
DZJD20000788.1.1.458,1,겅,그렇게
DZJD20000788.1.1.458,1,잘,잘
DZJD20000788.1.1.458,1,찾아보죠,찾아보죠
DZJD20000788.1.1.459,1,평소에는,평소에는
DZJD20000788.1.1.459,1,이거,이거
DZJD20000788.1.1.459,1,머꽈,머꽈
DZJD20000788.1.1.459,1,저거,저거
DZJD20000788.1.1.459,1,머꽈,머꽈
DZJD20000788.1.1.460,1,물음만,물음만
DZJD20000788.1.1.460,1,물음만,물음만
DZJD20000788.1.1.460,1,하다,하다
DZJD20000788.1.1.461,1,오늘은,오늘은
DZJD20000788.1.1.461,1,어떤,어떤
DZJD20000788.1.1.461,1,양,양
DZJD20000788.1.1.461,1,손가락도,손가락도
DZJD20000788.1.1.461,1,움직여맘져,움직이네
DZJD20000788.1.1.462,3,이거,이거
DZJD20000788.1.1.463,2,아,아
DZJD20000788.1.1.463,2,왜,왜
DZJD20000788.1.1.463,2,대답을,대답을
DZJD20000788.1.1.463,2,안,안
DZJD20000788.1.1.463,2,하나,하나
DZJD20000788.1.1.463,2,했더니,했더니
DZJD20000788.1.1.464,3,{laughing},{laughing}
DZJD20000788.1.1.465,2,왜,왜
DZJD20000788.1.1.465,2,대답을,대답을
DZJD20000788.1.1.465,2,안,안
DZJD20000788.1.1.465,2,하나,하나
DZJD20000788.1.1.465,2,했더니,했더니
DZJD20000788.1.1.466,1,이것봐,이것봐
DZJD20000788.1.1.466,1,예쁘다,예쁘다
DZJD20000788.1.1.467,3,귀엽지,귀엽지
DZJD20000788.1.1.467,3,아네,않아
DZJD20000788.1.1.468,1,그런데,그런데
DZJD20000788.1.1.468,1,진짜,진짜
DZJD20000788.1.1.468,1,받으면이,받으면
DZJD20000788.1.1.468,1,완전,완전
DZJD20000788.1.1.468,1,패키지,패키지
DZJD20000788.1.1.468,1,장난아니,장난아니
DZJD20000788.1.1.468,1,완전,완전
DZJD20000788.1.1.468,1,다르네,다르네
DZJD20000788.1.1.469,2,((발데)),((발데))
DZJD20000788.1.1.470,1,응,응
DZJD20000788.1.1.471,1,그런데,그런데
DZJD20000788.1.1.471,1,이거를,이거를
DZJD20000788.1.1.471,1,영,이렇게
DZJD20000788.1.1.471,1,펼쳐,펼쳐
DZJD20000788.1.1.471,1,놓은,놓은
DZJD20000788.1.1.471,1,이유가,이유가
DZJD20000788.1.1.471,1,다,다
DZJD20000788.1.1.471,1,이서,있어
DZJD20000788.1.1.471,1,이서,있어
DZJD20000788.1.1.472,1,저,저
DZJD20000788.1.1.472,1,저,저
DZJD20000788.1.1.472,1,안에,안에
DZJD20000788.1.1.472,1,곰돌이,곰돌이
DZJD20000788.1.1.472,1,세,세
DZJD20000788.1.1.472,1,마리(이신거주게)/(있는거지),마리(이신거주게)/(있는거지)
DZJD20000788.1.1.473,2,어,어
DZJD20000788.1.1.474,1,게난,그러니까
DZJD20000788.1.1.474,1,저,저
DZJD20000788.1.1.474,1,쩌쩌,쩌쩌
DZJD20000788.1.1.474,1,아래에,아래에
DZJD20000788.1.1.474,1,저,저
DZJD20000788.1.1.475,1,하트모양,하트모양
DZJD20000788.1.1.475,1,사탕은,사탕은
DZJD20000788.1.1.475,1,불허,불허
DZJD20000788.1.1.475,1,꺼내,꺼내
DZJD20000788.1.1.475,1,놓은,놓은
DZJD20000788.1.1.475,1,거라,거라
DZJD20000788.1.1.475,1,호꼼,조금
DZJD20000788.1.1.475,1,하영,많이
DZJD20000788.1.1.475,1,이신거,있는거
DZJD20000788.1.1.475,1,추룩,처럼
DZJD20000788.1.1.475,1,보여주젠,보여주려고
DZJD20000788.1.1.476,2,그럼,그럼
DZJD20000788.1.1.476,2,이거,이거
DZJD20000788.1.1.476,2,하나에,하나에
DZJD20000788.1.1.476,2,곰돌이,곰돌이
DZJD20000788.1.1.476,2,세,세
DZJD20000788.1.1.476,2,개,개
DZJD20000788.1.1.476,2,밖에,밖에
DZJD20000788.1.1.476,2,안,안
DZJD20000788.1.1.476,2,들어가는거,들어가는거
DZJD20000788.1.1.477,1,그런데,그런데
DZJD20000788.1.1.477,1,이거,이거
DZJD20000788.1.1.477,1,지금,지금
DZJD20000788.1.1.477,1,보면,보면
DZJD20000788.1.1.477,1,오,오
DZJD20000788.1.1.477,1,곱하기,곱하기
DZJD20000788.1.1.477,1,사잖아,사잖아
DZJD20000788.1.1.478,2,에에,에에
DZJD20000788.1.1.479,1,게민,그러면
DZJD20000788.1.1.479,1,영,이렇게
DZJD20000788.1.1.479,1,네,네
DZJD20000788.1.1.479,1,개씩,개씩
DZJD20000788.1.1.479,1,같은,같은
DZJD20000788.1.1.479,1,거,거
DZJD20000788.1.1.479,1,막,막
DZJD20000788.1.1.479,1,네줄,네줄
DZJD20000788.1.1.479,1,한,한
DZJD20000788.1.1.479,1,줄은,줄은
DZJD20000788.1.1.479,1,곧,곧
DZJD20000788.1.1.480,1,곰돌이,곰돌이
DZJD20000788.1.1.480,1,찐디,찐디
DZJD20000788.1.1.481,1,한,한
DZJD20000788.1.1.481,1,줄은,줄은
DZJD20000788.1.1.481,1,해바라기,해바라기
DZJD20000788.1.1.481,1,초콜릿,초콜릿
DZJD20000788.1.1.482,1,한,한
DZJD20000788.1.1.482,1,줄은,줄은
DZJD20000788.1.1.482,1,엠앤엠,엠앤엠
DZJD20000788.1.1.482,1,같은,같은
DZJD20000788.1.1.482,1,거,거
DZJD20000788.1.1.482,1,한,한
DZJD20000788.1.1.482,1,줄은,줄은
DZJD20000788.1.1.482,1,그,그
DZJD20000788.1.1.482,1,콧구멍젤리,콧구멍젤리
DZJD20000788.1.1.483,1,코딱지젤리,코딱지젤리
DZJD20000788.1.1.484,1,나,나
DZJD20000788.1.1.484,1,하나가,하나가
DZJD20000788.1.1.484,1,그,그
DZJD20000788.1.1.484,1,별모양,별모양
DZJD20000788.1.1.484,1,사탕,사탕
DZJD20000788.1.1.485,1,그,그
DZJD20000788.1.1.485,1,있네,있네
DZJD20000788.1.1.485,1,코딱지,코딱지
DZJD20000788.1.1.485,1,맛,맛
DZJD20000788.1.1.485,1,젤리,젤리
DZJD20000788.1.1.486,2,아,아
DZJD20000788.1.1.486,2,근데,근데
DZJD20000788.1.1.486,2,그럼,그럼
DZJD20000788.1.1.486,2,괜찮다,괜찮다
DZJD20000788.1.1.487,2,어차피,어차피
DZJD20000788.1.1.487,2,줄,줄
DZJD20000788.1.1.487,2,별로,별로
DZJD20000788.1.1.487,2,다른거,다른거
DZJD20000788.1.1.487,2,아니니,아니니
DZJD20000788.1.1.488,1,대신에,대신에
DZJD20000788.1.1.488,1,한,한
DZJD20000788.1.1.488,1,번,번
DZJD20000788.1.1.488,1,먹을,먹을
DZJD20000788.1.1.488,1,때,때
DZJD20000788.1.1.489,1,저게,저게
DZJD20000788.1.1.489,1,저동그라미가,저동그라미가
DZJD20000788.1.1.489,1,겅,그렇게
DZJD20000788.1.1.489,1,크지,크지
DZJD20000788.1.1.489,1,아네여,않아서
DZJD20000788.1.1.490,1,한,한
DZJD20000788.1.1.490,1,요만해,요만해
DZJD20000788.1.1.490,1,영,이렇게
DZJD20000788.1.1.491,1,영,이렇게
DZJD20000788.1.1.491,1,행,해서
DZJD20000788.1.1.491,1,영,이렇게
DZJD20000788.1.1.491,1,행,해서
DZJD20000788.1.1.491,1,먹어서,먹어서
DZJD20000788.1.1.492,2,한입에,한입에
DZJD20000788.1.1.492,2,딱,딱
DZJD20000788.1.1.492,2,털어놓긴,털어놓긴
DZJD20000788.1.1.493,1,어,어
DZJD20000788.1.1.494,1,완전,완전
DZJD20000788.1.1.495,1,아,아
DZJD20000788.1.1.495,1,귀여워,귀여워
DZJD20000788.1.1.495,1,진짜,진짜
DZJD20000788.1.1.496,1,그런데,그런데
DZJD20000788.1.1.496,1,진짜,진짜
DZJD20000788.1.1.496,1,걸,걸
DZJD20000788.1.1.496,1,떠나서,떠나서
DZJD20000788.1.1.496,1,너무,너무
DZJD20000788.1.1.496,1,고급져,고급져
DZJD20000788.1.1.496,1,진짜,진짜
DZJD20000788.1.1.496,1,개고급져,개고급져
DZJD20000788.1.1.497,1,패키지가,패키지가
DZJD20000788.1.1.497,1,야,야
DZJD20000788.1.1.498,2,그럼,그럼
DZJD20000788.1.1.498,2,선물로,선물로
DZJD20000788.1.1.498,2,줄,줄
DZJD20000788.1.1.498,2,만하다,만하다
DZJD20000788.1.1.498,2,아니다,아니다
DZJD20000788.1.1.499,1,그건,그건
DZJD20000788.1.1.499,1,좀,좀
DZJD20000788.1.1.499,1,고민돼,고민돼
DZJD20000788.1.1.500,1,왜냐하면,왜냐하면
DZJD20000788.1.1.500,1,이게,이게
DZJD20000788.1.1.500,1,너무,너무
DZJD20000788.1.1.500,1,차라리,차라리
DZJD20000788.1.1.501,1,저거,저거
DZJD20000788.1.1.501,1,아니야,아니야
DZJD20000788.1.1.501,1,아니야,아니야
DZJD20000788.1.1.501,1,그럼,그럼
DZJD20000788.1.1.501,1,가성비가,가성비가
DZJD20000788.1.1.501,1,떨어져,떨어져
DZJD20000788.1.1.501,1,아,아
DZJD20000788.1.1.501,1,고민되니,고민되니
DZJD20000788.1.1.502,3,이제,이제
DZJD20000788.1.1.502,3,뭐냐,뭐냐
DZJD20000788.1.1.503,3,한,한
DZJD20000788.1.1.503,3,만원,만원
DZJD20000788.1.1.503,3,포장값인게,포장값인게
DZJD20000788.1.1.503,3,만,만
DZJD20000788.1.1.503,3,원은,원은
DZJD20000788.1.1.503,3,포장값이라,포장값이라
DZJD20000788.1.1.504,1,만,만
DZJD20000788.1.1.504,1,사천,사천
DZJD20000788.1.1.504,1,원,원
DZJD20000788.1.1.505,2,플라스틱,플라스틱
DZJD20000788.1.1.505,2,통이,통이
DZJD20000788.1.1.505,2,작아서,작아서
DZJD20000788.1.1.505,2,저게,저게
DZJD20000788.1.1.505,2,많이,많이
DZJD20000788.1.1.505,2,들어가나,들어가나
DZJD20000788.1.1.505,2,보다,보다
DZJD20000788.1.1.505,2,값이,값이
DZJD20000788.1.1.506,1,진짜,진짜
DZJD20000788.1.1.506,1,나,나
DZJD20000788.1.1.506,1,보면서,보면서
DZJD20000788.1.1.506,1,무슨,무슨
DZJD20000788.1.1.506,1,생각,생각
DZJD20000788.1.1.506,1,했냐면,했냐면
DZJD20000788.1.1.507,1,저거,저거
DZJD20000788.1.1.507,1,포장,포장
DZJD20000788.1.1.507,1,진짜,진짜
DZJD20000788.1.1.507,1,힘들었겠다,힘들었겠다
DZJD20000788.1.1.507,1,왜냐하면,왜냐하면
DZJD20000788.1.1.507,1,곰돌이는,곰돌이는
DZJD20000788.1.1.507,1,진짜,진짜
DZJD20000788.1.1.507,1,막,막
DZJD20000788.1.1.507,1,애들이,애들이
DZJD20000788.1.1.507,1,밖에,밖에
DZJD20000788.1.1.507,1,나가고,나가고
DZJD20000788.1.1.507,1,싶어서,싶어서
DZJD20000788.1.1.508,1,이렇게,이렇게
DZJD20000788.1.1.508,1,창문에,창문에
DZJD20000788.1.1.508,1,매달린,매달린
DZJD20000788.1.1.508,1,수준으로,수준으로
DZJD20000788.1.1.508,1,따닥따닥,따닥따닥
DZJD20000788.1.1.508,1,붙어,붙어
DZJD20000788.1.1.508,1,있거든,있거든
DZJD20000788.1.1.509,1,저걸,저걸
DZJD20000788.1.1.509,1,어떻게,어떻게
DZJD20000788.1.1.509,1,((xxx)),((xxx))
DZJD20000788.1.1.509,1,신고,신고
DZJD20000788.1.1.509,1,(()),(())
DZJD20000788.1.1.510,1,완전히,완전히
DZJD20000788.1.1.511,1,장난(아니)/(아냐),장난(아니)/(아냐)
DZJD20000788.1.1.512,1,나(자인)/(쟤),나(자인)/(쟤)
DZJD20000788.1.1.512,1,신지,한테
DZJD20000788.1.1.512,1,사진,사진
DZJD20000788.1.1.512,1,보내신지,보냈는데
DZJD20000788.1.1.513,1,이거,이거
DZJD20000788.1.1.513,1,실물,실물
DZJD20000788.1.1.513,1,사진,사진
DZJD20000788.1.1.513,1,받은,받은
DZJD20000788.1.1.513,1,거,거
DZJD20000788.1.1.514,2,그런데,그런데
DZJD20000788.1.1.514,2,진짜,진짜
DZJD20000788.1.1.514,2,잘담겼다,잘담겼다
DZJD20000788.1.1.515,1,어,어
DZJD20000788.1.1.515,1,진짜,진짜
DZJD20000788.1.1.515,1,열어보면이,열어보면
DZJD20000788.1.1.516,1,어른들이,어른들이
DZJD20000788.1.1.516,1,좋아할,좋아할
DZJD20000788.1.1.516,1,것,것
DZJD20000788.1.1.516,1,같은,같은
DZJD20000788.1.1.516,1,패키지다,패키지다
DZJD20000788.1.1.517,1,내용물이사,내용물이사
DZJD20000788.1.1.517,1,뭐,뭐
DZJD20000788.1.1.517,1,어른들,어른들
DZJD20000788.1.1.517,1,달달한,달달한
DZJD20000788.1.1.517,1,거,거
DZJD20000788.1.1.517,1,막,막
DZJD20000788.1.1.517,1,이빨,이빨
DZJD20000788.1.1.517,1,아팡,아파서
DZJD20000788.1.1.517,1,안,안
DZJD20000788.1.1.517,1,좋아하난,좋아하니까
DZJD20000788.1.1.518,1,경헌댄하여도,그런다해도
DZJD20000788.1.1.519,2,괜찮은데,괜찮은데
DZJD20000788.1.1.520,1,경함,그러면
DZJD20000788.1.1.520,1,또,또
DZJD20000788.1.1.520,1,흔들엄져,흔들었어
DZJD20000788.1.1.521,1,(()),(())
DZJD20000788.1.1.522,3,무의식,무의식
DZJD20000788.1.1.523,1,엄마가,엄마가
DZJD20000788.1.1.523,1,처음에,처음에
DZJD20000788.1.1.523,1,껍데기만,껍데기만
DZJD20000788.1.1.523,1,보고,보고
DZJD20000788.1.1.523,1,오,오
DZJD20000788.1.1.523,1,이랬는데,이랬는데
DZJD20000788.1.1.524,1,왜냐하면,왜냐하면
DZJD20000788.1.1.524,1,진짜,진짜
DZJD20000788.1.1.524,1,약같이,약같이
DZJD20000788.1.1.524,1,생겼네요,생겼네요
DZJD20000788.1.1.525,1,뭐,뭐
DZJD20000788.1.1.525,1,이름도,이름도
DZJD20000788.1.1.525,1,막,막
DZJD20000788.1.1.525,1,당의,당의
DZJD20000788.1.1.525,1,보감,보감
DZJD20000788.1.1.526,1,명약입니다,명약입니다
DZJD20000788.1.1.527,3,알고,알고
DZJD20000788.1.1.527,3,보니,보니
DZJD20000788.1.1.527,3,초콜렛,초콜렛
DZJD20000788.1.1.528,2,야야,야야
DZJD20000788.1.1.528,2,아,아
DZJD20000788.1.1.528,2,귀여워,귀여워
DZJD20000788.1.1.529,1,초콜렛초콜렛,초콜렛초콜렛
DZJD20000788.1.1.530,1,그래서,그래서
DZJD20000788.1.1.530,1,이거,이거
DZJD20000788.1.1.530,1,짐,짐
DZJD20000788.1.1.530,1,제일,제일
DZJD20000788.1.1.530,1,많이,많이
DZJD20000788.1.1.530,1,들어있는,들어있는
DZJD20000788.1.1.530,1,걸,걸
DZJD20000788.1.1.530,1,찍은,찍은
DZJD20000788.1.1.530,1,거,거
DZJD20000788.1.1.531,2,{laughing},{laughing}
DZJD20000788.1.1.531,2,아,아
DZJD20000788.1.1.531,2,기,그래
DZJD20000788.1.1.532,1,그런데,그런데
DZJD20000788.1.1.532,1,엄지랑,엄지랑
DZJD20000788.1.1.532,1,비교해보면,비교해보면
DZJD20000788.1.1.532,1,막,막
DZJD20000788.1.1.533,1,사이즈,사이즈
DZJD20000788.1.1.533,1,대충,대충
DZJD20000788.1.1.533,1,알겠지,알겠지
DZJD20000788.1.1.533,1,안,않아
DZJD20000788.1.1.534,3,엄지,엄지
DZJD20000788.1.1.534,3,두,두
DZJD20000788.1.1.534,3,개,개
DZJD20000788.1.1.534,3,반인게,반인게
DZJD20000788.1.1.535,1,아니,아니
DZJD20000788.1.1.535,1,뚜껑이,뚜껑이
DZJD20000788.1.1.535,1,엄지,엄지
DZJD20000788.1.1.535,1,반,반
DZJD20000788.1.1.535,1,정도라,정도라
DZJD20000788.1.1.536,1,높이가,높이가
DZJD20000788.1.1.536,1,뚜껑,뚜껑
DZJD20000788.1.1.536,1,높이가,높이가
DZJD20000788.1.1.537,1,뭔,뭔
DZJD20000788.1.1.537,1,말인지,말인지
DZJD20000788.1.1.537,1,알겠지,알겠지
DZJD20000788.1.1.537,1,금테가,금테가
DZJD20000788.1.1.538,1,((xx난이)),((xx난이))
DZJD20000788.1.1.539,1,진짜,진짜
DZJD20000788.1.1.539,1,나중에,나중에
DZJD20000788.1.1.539,1,만날,만날
DZJD20000788.1.1.539,1,때,때
DZJD20000788.1.1.539,1,저,저
DZJD20000788.1.1.539,1,케이스,케이스
DZJD20000788.1.1.539,1,들고,들고
DZJD20000788.1.1.539,1,가클,갈게
DZJD20000788.1.1.540,3,케이스,케이스
DZJD20000788.1.1.540,3,써,써
DZJD20000788.1.1.540,3,뭐라도,뭐라도
DZJD20000788.1.1.540,3,담아서,담아서
DZJD20000788.1.1.541,1,나,나
DZJD20000788.1.1.541,1,쓸거,쓸거
DZJD20000788.1.1.541,1,그냥,그냥
DZJD20000788.1.1.541,1,보여주잰,보여줄게
DZJD20000788.1.1.542,3,아아,아아
DZJD20000788.1.1.543,1,영,이렇게
DZJD20000788.1.1.543,1,생겼수다,생겼다
DZJD20000788.1.1.543,1,해여,해여
DZJD20000788.1.1.544,1,그걸,그걸
DZJD20000788.1.1.545,1,너,너
DZJD20000788.1.1.545,1,줄게,줄게
DZJD20000788.1.1.546,2,예쁘다,예쁘다
DZJD20000788.1.1.547,1,김칫국,김칫국
DZJD20000788.1.1.547,1,마시네,마시네
DZJD20000788.1.1.548,3,어쨌든,어쨌든
DZJD20000788.1.1.548,3,나는,나는
DZJD20000788.1.1.548,3,색깔,색깔
DZJD20000788.1.1.548,3,찹쌀떡,찹쌀떡
DZJD20000788.1.1.549,1,찹쌀떡,찹쌀떡
DZJD20000788.1.1.549,1,좋아하고,좋아하고
DZJD20000788.1.1.549,1,나는,나는
DZJD20000788.1.1.549,1,그,그
DZJD20000788.1.1.549,1,찹쌀떡이,찹쌀떡이
DZJD20000788.1.1.549,1,좋아,좋아
DZJD20000788.1.1.549,1,그,그
DZJD20000788.1.1.549,1,마트에,마트에
DZJD20000788.1.1.549,1,파는,파는
DZJD20000788.1.1.549,1,막,막
DZJD20000788.1.1.549,1,하얗게,하얗게
DZJD20000788.1.1.549,1,분칠된,분칠된
DZJD20000788.1.1.550,1,그,그
DZJD20000788.1.1.550,1,찹쌀떡,찹쌀떡
DZJD20000788.1.1.550,1,파리바게트에서,파리바게트에서
DZJD20000788.1.1.550,1,파는,파는
DZJD20000788.1.1.550,1,찹쌀떡말고,찹쌀떡말고
DZJD20000788.1.1.551,3,뭔지,뭔지
DZJD20000788.1.1.551,3,알아,알아
DZJD20000788.1.1.551,3,마트에,마트에
DZJD20000788.1.1.551,3,파는,파는
DZJD20000788.1.1.552,3,마트,마트
DZJD20000788.1.1.552,3,비닐포장된,비닐포장된
DZJD20000788.1.1.553,1,가래떡,가래떡
DZJD20000788.1.1.553,1,옆에,옆에
DZJD20000788.1.1.553,1,인절미,인절미
DZJD20000788.1.1.553,1,옆에,옆에
DZJD20000788.1.1.553,1,그,그
DZJD20000788.1.1.553,1,찹쌀떡,찹쌀떡
DZJD20000788.1.1.553,1,너무,너무
DZJD20000788.1.1.553,1,맛있어,맛있어
DZJD20000788.1.1.554,3,맞아,맞아
DZJD20000788.1.1.554,3,맞아,맞아
DZJD20000788.1.1.555,2,알았어,알았어
DZJD20000788.1.1.555,2,알았어,알았어
DZJD20000788.1.1.555,2,그걸로,그걸로
DZJD20000788.1.1.555,2,줄게,줄게
DZJD20000788.1.1.555,2,그걸,그걸
DZJD20000788.1.1.555,2,줄게,줄게
DZJD20000788.1.1.556,1,아니,아니
DZJD20000788.1.1.556,1,굳이,굳이
DZJD20000788.1.1.556,1,줄,줄
DZJD20000788.1.1.556,1,필요는,필요는
DZJD20000788.1.1.556,1,없고,없고
DZJD20000788.1.1.557,2,내년에는,내년에는
DZJD20000788.1.1.557,2,아마,아마
DZJD20000788.1.1.557,2,줄,줄
DZJD20000788.1.1.557,2,거다,거다
DZJD20000788.1.1.557,2,내년,내년
DZJD20000788.1.1.557,2,한번만,한번만
DZJD20000788.1.1.557,2,두번도,두번도
DZJD20000788.1.1.557,2,없어,없어
DZJD20000788.1.1.558,1,거절,거절
DZJD20000788.1.1.558,1,거절,거절
DZJD20000788.1.1.559,2,잘,잘
DZJD20000788.1.1.559,2,생각하고,생각하고
DZJD20000788.1.1.559,2,골아,말해
DZJD20000788.1.1.560,1,주고받지,주고받지
DZJD20000788.1.1.560,1,말게,말자
DZJD20000788.1.1.561,3,{laughing},{laughing}
